Job Title,Company Name,Company Rating,Experience Requried,Salary,Job Location,Skills Requried,TYPE
Lead Data Engineer,Eucloid Data Solutions,4.8,5-10 Yrs,20-35 Lacs PA ,Chennai,Management,Full Time
Data Engineer,Sisoft Technologies,4.8,2-7 Yrs,Not disclosed,Gujarat,Python,Full Time
Data Engineer,searce,3.3,1-2 Yrs,Not disclosed,Mumbai,Python,Full Time
Data Engineer,Benovymed Healthcare,4.8,3-15 Yrs,Not disclosed,New Delhi,Python,Full Time
Data Engineer,IBM,4.1,2-4 Yrs,Not disclosed,Bangalore,Python,Full Time
Data Engineer,PwC,3.6,4-9 Yrs,Not disclosed,New Delhi,Python,Remote
Data Engineer Advisor,Lifesight Technologies,3.8,4-8 Yrs,Not disclosed,Bangalore,SQL,Hybrid
ML Data Engineer ,Grant Thornton,3.7,4-9 Yrs,Not disclosed,Bangalore,Machine Learning,Full Time
ML Data Engineer ,Tech Mahindra,3.7,8-13 Yrs,Not disclosed,Pune,Machine Learning,Full Time
Data Science Engineering,Capgemini,3.8,4-6 Yrs,Not disclosed,Bangalore,SQL,Full Time
Data Engineer,ANZ,4.1,5-7 Yrs,Not disclosed,Bangalore,Python,Full Time
 Big Data Engineer ,Allegis Global Solutions (AGS),3.8,5-8 Yrs,10-17 Lacs PA,New Delhi,TensorFlow,Hybrid
Data Science Engineering,Capco,3.7,7-12 Yrs,Not disclosed,Kolkata,SQL,Full Time
 Big Data Engineer ,Genpact,3.9,7-10 Yrs,Not disclosed,New Delhi,TensorFlow,Hybrid
Data Engineer,Amadeus,4.1,2-5 Yrs,Not disclosed,Bangalore,Python,Full Time
Data Engineer,Sony Corporation Of America,3.8,2-5 Yrs,Not disclosed,Bangalore,Python,Full Time
ML Data Engineer ,Allegis Group,3.8,4-9 Yrs,Not disclosed,New Delhi,Machine Learning,Hybrid
Data Engineer,True North Infotech India,3.8,4-8 Yrs,10-20 Lacs PA,Gujarat,Python,Remote
ML Data Engineer ,Tech Mahindra,3.7,10-15 Yrs,18-27.5 Lacs PA,Gujarat,Machine Learning,Remote
Python Data Engineer,Standard Chartered Research And Technology India P Rivate,3.8,5-7 Yrs,Not disclosed,Gujarat,Statistics,Remote
Data Engineer,Bigbasket,4,0-3 Yrs,Not disclosed,Bangalore,Python,Full Time
Data Engineer,Leading Client,3.8,5-7 Yrs,Not disclosed,Bangalore,Python,Full Time
Lead Data Engineer,Wipro,3.8,4-9 Yrs,Not disclosed,Gurgaon,Management,Full Time
Big Data Engineer,Tech Mahindra,3.7,4-9 Yrs,10-20 Lacs PA,New Delhi,TensorFlow,Hybrid
Data Engineer,IBM,4.1,2-6 Yrs,Not disclosed,Bangalore,Python,Full Time
Data Engineer,Siemens,4.2,1-4 Yrs,Not disclosed,Bangalore,Python,Full Time
Data Engineer,Accolite Software India Pvt Ltd,3.5,2-6 Yrs,Not disclosed,Bangalore,Python,Full Time
SQL Data Engineer,Tech Mahindra,3.7,8-13 Yrs,Not disclosed,Hyderabad,SQL,Full Time
Data Engineer,Siemens,4.2,1-4 Yrs,Not disclosed,Bangalore,Python,Full Time
Data Engineer,Infosys,3.8,6-11 Yrs,7-16 Lacs PA,Hyderabad,Python,Full Time
Hadoop Data Engineer,Tech Mahindra,3.7,5-9 Yrs,Not disclosed,Hyderabad,Deep Learning,Full Time
Data Engineer,IBM,4.1,2-4 Yrs,Not disclosed,Pune,Python,Full Time
Data Engineer,IBM,4.1,2-4 Yrs,Not disclosed,Gurgaon,Python,Full Time
Data Engineer,IT Services & Consulting,3.8,4-9 Yrs,Not disclosed,New Delhi,Python,Hybrid
Data Engineer,Accolite Software India Pvt Ltd,3.5,2-6 Yrs,Not disclosed,Pune,Python,Full Time
Data Engineer,Intel,4.3,4-6 Yrs,Not disclosed,Bangalore,Python,Full Time
Data Engineer,jai Kisan,3.6,1-2 Yrs,Not disclosed,Bangalore,Python,Full Time
ML Data Engineer ,Boston Consulting Group,3.8,2-4 Yrs,Not disclosed,Bangalore,Machine Learning,Full Time
AI Data Engineer,Capco,3.7,10-20 Yrs,Not disclosed,Bangalore,Machine Learning,Full Time
Data Engineer,Accolite Software India Pvt Ltd,3.5,3-4 Yrs,Not disclosed,Hyderabad,Python,Full Time
Data Engineer,Infosys,3.9,2-6 Yrs,Not disclosed,Bangalore,Python,Full Time
Data Engineer,Synechron,3.9,4-8 Yrs,Not disclosed,Bangalore,Python,Full Time
Data Engineer,Randstad,3.8,3-6 Yrs,Not disclosed,Hyderabad,Python,Full Time
SQL Data Engineers,Deloitte,4,5-9 Yrs,16-27.5 Lacs PA,New Delhi,SQL,Hybrid
Data Engineer,Infosys,3.9,3-7 Yrs,Not disclosed,Bangalore,Python,Full Time
Data Engineer,Infosys,3.9,5-8 Yrs,Not disclosed,Bangalore,Python,Full Time
ML Data Engineer ,Siemens,4.2,2-6 Yrs,Not disclosed,Bangalore,Machine Learning,Full Time
Data Engineer,DTC Infotech,3.9,3-5 Yrs,Not disclosed,Bangalore,Python,Full Time
Data Engineer,Accolite Software India Pvt Ltd,3.5,1-3 Yrs,Not disclosed,Bangalore,Python,Full Time
ER - Data Engineer ,Altimetrik,3.9,4-8 Yrs,Not disclosed,Bangalore,SQL,Full Time
Data Engineer,Leading Software Technologies,3.8,9-14 Yrs,25-27.5 Lacs PA,New Delhi,Python,Hybrid
ER - Data Engineer ,Altimetrik,3.9,4-8 Yrs,Not disclosed,Bangalore,SQL,Full Time
Data Engineer,Photon,4.1,2-5 Yrs,Not disclosed,Kolkata,Python,Full Time
Data Engineer,Teleperformance (TP),3.5,4-9 Yrs,Not disclosed,Hyderabad,Python,Full Time
Data Engineer,Kwality Recruitments,3.8,3-8 Yrs,3-6 Lacs PA,Hyderabad,Python,Full Time
ML Data Engineer ,ERM Placement Services (p) Ltd.,3.8,5-10 Yrs,Not disclosed,Bangalore,Machine Learning,Full Time
Data Engineer,Xoriant,3.9,9-13 Yrs,Not disclosed,New Delhi,Python,Hybrid
Data Engineering,Altimetrik,3.9,8-20 Yrs,Not disclosed,Bangalore,SQL,Full Time
Data Engineer,Ocean Flex International,3.8,8-10 Yrs,Not disclosed,Pune,Python,Full Time
Data Engineer,Tangoe,3.8,4-7 Yrs,15-22.5 Lacs PA,Gujarat,Python,Remote
Data Engineer,Nineleaps,3.8,2-4 Yrs,Not disclosed,Bangalore,Python,Full Time
Data Engineering,Innovaccer,3.2,0-1 Yrs,Not disclosed,Noida,SQL,Full Time
Data Engineer,Mahindra business & consulting services p. ltd.,3.8,2-5 Yrs,Not disclosed,Mumbai,Python,Full Time
Big Data-Azure,IBM,4.1,3-6 Yrs,Not disclosed,Bangalore,TensorFlow,Full Time
Data Engineer,"OpenTable, Inc.",3.8,3-4 Yrs,Not disclosed,Kolkata,Python,Full Time
 Big Data Engineer ,Sureminds Solutions,3.8,7-12 Yrs,Not disclosed,New Delhi,TensorFlow,Hybrid
Data Engineer,Tredence,3.6,4-8 Yrs,Not disclosed,New Delhi,Python,Hybrid
Data Engineer,Autodesk,4.3,3-8 Yrs,Not disclosed,Bangalore,Python,Full Time
Data Engineer,Coders Brain Pvt Ltd,3.9,2-5 Yrs,Not disclosed,Bangalore,Python,Full Time
Python Data Engineer,KPMG India,3.8,3-7 Yrs,Not disclosed,Hyderabad,Statistics,Full Time
Data Engineer,WPP Aunz,3.8,3-7 Yrs,Not disclosed,Chennai,Python,Full Time
ML Data Engineer ,Tiger Analytics,3.5,0-4 Yrs,Not disclosed,Hyderabad,Machine Learning,Full Time
ML Data Engineer ,Notified Dm India,3.9,5-8 Yrs,Not disclosed,Bangalore,Machine Learning,Full Time
Data Engineer,Techaffinity Consulting,4,2-7 Yrs,Not disclosed,Bangalore,Python,Full Time
Data Engineer,Makonis,4,5-10 Yrs,Not disclosed,Bangalore,Python,Full Time
Data Engineer,Amazon Web Services,4,4-5 Yrs,Not disclosed,Bangalore,Python,Full Time
Data Engineer,Twilio,4.1,5-8 Yrs,Not disclosed,Bangalore,Python,Full Time
Data Engineer,Tata Consultancy Services (TCS),3.8,6-8 Yrs,Not disclosed,Kolkata,Python,Full Time
Data Engineer,Infosys,3.9,2-4 Yrs,Not disclosed,Hyderabad,Python,Full Time
Data Engineer,Expedia,3.8,3-8 Yrs,25-30 Lacs PA,New Delhi,Python,Hybrid
Data Engineer Advisor,Leading Client,3.8,4-6 Yrs,Not disclosed,Bangalore,SQL,Full Time
Data Engineer Advisor,Leading Client,3.8,4-8 Yrs,Not disclosed,Bangalore,SQL,Full Time
Data Engineer Advisor,Leading Client,3.8,7-11 Yrs,Not disclosed,Hyderabad,SQL,Full Time
Data Science Engineering,Datawrkz,4.4,3-5 Yrs,Not disclosed,Kolkata,SQL,Full Time
Data Engineer,Aryng,4.4,3-6 Yrs,Not disclosed,Kolkata,Python,Full Time
Data Engineer,Kommlink Gmbh,3.8,7-10 Yrs,Not disclosed,Kolkata,Python,Full Time
Python Data Engineer,Orcapod Consulting Services,3.8,4-8 Yrs,Not disclosed,New Delhi,Statistics,Hybrid
ML Data Engineer ,Course5 Intelligence,4,3-6 Yrs,Not disclosed,Mumbai,Machine Learning,Full Time
Data Engineer,Absolutdata,3.5,4-8 Yrs,Not disclosed,Noida,Python,Full Time
ML Data Engineer ,Course5 Intelligence,4,8-12 Yrs,Not disclosed,Mumbai,Machine Learning,Full Time
Data Engineer,Quantitas,4.9,2-5 Yrs,Not disclosed,Kolkata,Python,Full Time
Data Engineer,Unison Consulting Pte Ltd,3.9,3-6 Yrs,Not disclosed,Bangalore,Python,Full Time
ML Data Engineer ,EVRY India,3.8,6-11 Yrs,Not disclosed,Bangalore,Machine Learning,Full Time
ER - Data Engineer ,Reveal Health Tech,3.8,2-5 Yrs,Not disclosed,Bangalore,SQL,Full Time
ML Data Engineer ,MSys Technologies,4,4-7 Yrs,Not disclosed,Hyderabad,Machine Learning,Hybrid
Data Engineer,Glaxosmithkline (GSK),4.1,5-10 Yrs,11-21 Lacs PA,Hyderabad,Python,Hybrid
ML Data Engineer ,Tiger Analytics,3.5,1-5 Yrs,Not disclosed,Hyderabad,Machine Learning,Full Time
Data Engineer,Smart Erp Solutions,4.6,3-5 Yrs,Not disclosed,Bangalore,Python,Full Time
Data Engineer,Smart Erp Solutions,4.6,3-6 Yrs,5-11 Lacs PA,Hyderabad,Python,Hybrid
Lead BI Analyst ,Globaldata,3.7,5-10 Yrs,Not disclosed,Hyderabad,Deep Learning,Hybrid
Data Engineer,Cropin Technology Solutions,3.4,4-6 Yrs,Not disclosed,Bangalore,Python,Full Time
Data Engineer,Adidas,3.9,4-9 Yrs,Not disclosed,Gurgaon,Python,Full Time
Data Engineer,Infosys,3.9,9-11 Yrs,Not disclosed,Hyderabad,Python,Full Time
 Big Data Engineer ,D2N Solutions,3.8,7-12 Yrs,10-15 Lacs PA,Gujarat,TensorFlow,Remote
Data Engineer,Siemens,4.2,4-8 Yrs,Not disclosed,Pune,Python,Full Time
Data Engineer,Capco,3.7,4-7 Yrs,Not disclosed,Pune,Python,Full Time
Data Scientist,Botree Software ,3.7,2-4 Yrs,6-12 Lacs PA,Bangalore,SQL,Full Time
Data Engineer Advisor,ProPMO Services Private Limited,3.8,2-4 Yrs,Not disclosed,Bangalore,SQL,Full Time
Data Engineer,Cirruslabs,4.6,5-8 Yrs,Not disclosed,Bangalore,Python,Full Time
Data Engineer Advisor,Meredith,4,7-12 Yrs,Not disclosed,Bangalore,SQL,Full Time
Data Engineer,WPP Aunz,3.8,3-6 Yrs,Not disclosed,Mumbai,Python,Full Time
Data Engineer Advisor,Dotdash Meredith,4.3,7-12 Yrs,Not disclosed,Bangalore,SQL,Full Time
Data Engineer,Adidas,3.9,6-9 Yrs,Not disclosed,Gurgaon,Python,Full Time
Data Engineer,Siemens,4.2,5-10 Yrs,Not disclosed,Gurgaon,Python,Full Time
Data Engineer,Randstad,3.8,8-13 Yrs,Not disclosed,Gujarat,Python,Remote
Data Engineer,General Mills,4.2,2-5 Yrs,Not disclosed,Mumbai,Python,Full Time
SQL Data Engineer,Morningstar,4,5-6 Yrs,Not disclosed,Mumbai,SQL,Full Time
Data Engineer,Capgemini,3.8,4-8 Yrs,Not disclosed,Mumbai,Python,Full Time
Data Engineer,Tata Consultancy Services (TCS),3.8,5-8 Yrs,Not disclosed,Kolkata,Python,Full Time
Data Engineer,randstad offshore,3.8,5-10 Yrs,Not disclosed,Hyderabad,Python,Hybrid
Data Engineer,Allegis Group,3.8,5-10 Yrs,Not disclosed,Gurgaon,Python,Full Time
Data Engineer,Adidas,3.9,5-10 Yrs,Not disclosed,Gurgaon,Python,Full Time
Data Engineer,Adidas,3.9,5-10 Yrs,Not disclosed,Gujarat,Python,Full Time
Data Engineer,FIVE STAR Business Finance,4.3,3-4 Yrs,Not disclosed,Chennai,Python,Full Time
Data Engineer,Adidas,3.9,5-7 Yrs,Not disclosed,Gurgaon,Python,Full Time
ER - Data Engineer ,Bain Company India Pvt. Ltd.,3.8,2-5 Yrs,Not disclosed,New Delhi,SQL,Full Time
Data Engineer,Adidas,3.9,5-7 Yrs,Not disclosed,Gurgaon,Python,Full Time
Data Engineer,Adidas,3.9,2-7 Yrs,Not disclosed,Gurgaon,Python,Full Time
DATA Engineer,Mitsui OSK Lines (MOL),4,6-8 Yrs,Not disclosed,Kolkata,Python,Full Time
Big Data Engineer,IBM,4.1,5-8 Yrs,Not disclosed,Bangalore,TensorFlow,Full Time
Big Data-Azure,IBM,4.1,7-11 Yrs,Not disclosed,Bangalore,TensorFlow,Full Time
Lead Big Data Engineer,Impetus Technologies,3.7,7-12 Yrs,Not disclosed,Noida,Statistics,Full Time
Junior Data Engineer,Altimetrik,3.8,6-11 Yrs,Not disclosed,Hyderabad,Deep Learning,Hybrid
Senior Associate Data Engineering ,Publicis Resources,3.6,3-8 Yrs,Not disclosed,Bangalore,Management,Full Time
Senior Associate Data Engineering ,Publicis Resources,3.6,6-8 Yrs,Not disclosed,Bangalore,Management,Full Time
Junior Data Engineer,Careernet Technologies,3.8,8-12 Yrs,25-30 Lacs PA,Noida,Deep Learning,Full Time
Data Engineer,Blink Health,1.3,0-3 Yrs,Not disclosed,Kolkata,Python,Full Time
Data Engineer,QS Quacquarelli Symonds,4.5,0-4 Yrs,Not disclosed,Kolkata,Python,Full Time
Junior Data Engineer,Expedite Technology Solutions,5,0-5 Yrs,Not disclosed,Kolkata,Deep Learning,Full Time
ML Data Engineer ,Software Company,3.8,3-8 Yrs,25-30 Lacs PA,Hyderabad,Machine Learning,Full Time
Generative AI Data Engineer,Concentrix,3.9,7-10 Yrs,Not disclosed,Bangalore,Deep Learning,Full Time
Data Engineer,Sony,3.8,6-9 Yrs,15-20 Lacs PA,Hyderabad,Python,Hybrid
 Big Data Engineer ,Aspire Systems,4,5-10 Yrs,9-16 Lacs PA,Hyderabad,TensorFlow,Hybrid
Data Engineer,Growel Softech,2.8,4-6 Yrs,15-25 Lacs PA,Pune,Python,Full Time
AI Data Engineer,Gojek,3.7,2-3 Yrs,Not disclosed,Hyderabad,Machine Learning,Full Time
Data Engineer,Gojek,3.7,3-9 Yrs,Not disclosed,Hyderabad,Python,Full Time
Data Engineer,Cians Analytics,3.3,4-7 Yrs,Not disclosed,Bangalore,Python,Full Time
Data engineer,Coders Brain Pvt Ltd,3.9,2-5 Yrs,Not disclosed,Bangalore,Python,Full Time
Data Engineer,Sony,4.3,4-9 Yrs,Not disclosed,Bangalore,Python,Full Time
Data Architect ,Coders Brain Pvt Ltd,3.9,0-5 Yrs,Not disclosed,Bangalore,Statistics,Full Time
Data Architect ,Shell,4.3,3-8 Yrs,Not disclosed,Bangalore,Statistics,Full Time
Data Architect ,Course5 Intelligence,4,5-10 Yrs,Not disclosed,Hyderabad,Statistics,Hybrid
Data Engineer Advisor,Cirruslabs,4.6,5-8 Yrs,Not disclosed,Bangalore,SQL,Full Time
Data Engineer Lead,Askgp Solutions,3.8,6-8 Yrs,10-13 Lacs PA,Hyderabad,SQL,Hybrid
Data Architect ,Ascendion Engineering,3.8,4-9 Yrs,15-25 Lacs PA,Hyderabad,Statistics,Hybrid
Data Architect ,Hudsons bay Company (HBC),3.8,0-4 Yrs,Not disclosed,Bangalore,Statistics,Full Time
Data Architect ,Cloudphysician Healthcare,3.7,0-4 Yrs,Not disclosed,Bangalore,Statistics,Full Time
Manager - Data Engineer,Cyient,3.8,3-7 Yrs,Not disclosed,Noida,Management,Full Time
Data Architect ,SDG Corporation,4.1,4-7 Yrs,Not disclosed,Hyderabad,Statistics,Hybrid
Data Architect ,Talentfleet Solutions,3.8,10-15 Yrs,Not disclosed,Bangalore,Statistics,Full Time
Data Engineer,Nityo Infotech,3.1,4-6 Yrs,Not disclosed,Bangalore,Python,Full Time
Data Engineering,Disha Consultants,4.8,2-4 Yrs,Not disclosed,Kolkata,SQL,Full Time
Data Engineer,Triveni Global Consulting,3.8,2-6 Yrs,Not disclosed,Pune,Python,Full Time
Data Engineer,Global Pharma Tek,3.4,3-5 Yrs,Not disclosed,Bangalore,Python,Full Time
Data Engineering,Disha Consultant,3.8,3-5 Yrs,Not disclosed,Kolkata,SQL,Full Time
Data Engineer,Tangoe,3.8,5-8 Yrs,Not disclosed,Chennai,Python,Full Time
Technical Lead - Data Engineering,AFT Recruiters,3.8,5-10 Yrs,10-15 Lacs PA,New Delhi,SQL,Full Time
Data Engineer,Columbus Global,4,5-10 Yrs,Not disclosed,Hyderabad,Python,Full Time
Data Engineer,Cybage,4,9-14 Yrs,Not disclosed,Pune,Python,Full Time
Data Engineer,Axa Technology Services,4.1,1-4 Yrs,Not disclosed,Gurgaon,Python,Full Time
Big Data Engineer,Power2sme,4.3,3-5 Yrs,Not disclosed,Gurgaon,TensorFlow,Full Time
Big Data-Azure,IBM,4.1,7-11 Yrs,Not disclosed,Bangalore,TensorFlow,Full Time
Big Data Engineer,IBM,4.1,5-8 Yrs,Not disclosed,Bangalore,TensorFlow,Full Time
Big Data-Azure,IBM,4.1,7-12 Yrs,Not disclosed,Bangalore,TensorFlow,Full Time
Big Data-Azure,IBM,4.1,7-9 Yrs,Not disclosed,Bangalore,TensorFlow,Full Time
Big Data-Azure,IBM,4.1,7-9 Yrs,Not disclosed,Bangalore,TensorFlow,Full Time
Big Data-Azure,IBM,4.1,7-11 Yrs,Not disclosed,Bangalore,TensorFlow,Full Time
Big Data-Azure,IBM,4.1,7-11 Yrs,Not disclosed,Bangalore,TensorFlow,Full Time
Big Data-Azure,IBM,4.1,7-10 Yrs,Not disclosed,Bangalore,TensorFlow,Full Time
Big Data-Azure,IBM,4.1,3-6 Yrs,Not disclosed,Bangalore,TensorFlow,Full Time
 Big Data Engineer ,EY,3.6,7-9 Yrs,Not disclosed,Pune,TensorFlow,Full Time
Big Data Engineer,IBM,4.1,2-5 Yrs,Not disclosed,Gurgaon,TensorFlow,Full Time
Big Data-AWS,IBM,4.1,2-6 Yrs,Not disclosed,Hyderabad,TensorFlow,Full Time
Big Data-AWS,IBM,4.1,2-6 Yrs,Not disclosed,Hyderabad,TensorFlow,Full Time
Data Engineer,Leading Client,3.8,2-4 Yrs,Not disclosed,Bangalore,Python,Full Time
Data Engineer Lead,Coders Brain Pvt Ltd,3.9,8-15 Yrs,Not disclosed,Bangalore,SQL,Full Time
Senior Associate Data Engineering ,Walmart,4,4-8 Yrs,Not disclosed,Chennai,Management,Full Time
Senior Associate Data Engineering ,Narayana Health (NH),4.2,3-6 Yrs,Not disclosed,Hyderabad,Management,Hybrid
Senior Associate Data Engineering ,Publicis Resources,3.6,6-8 Yrs,Not disclosed,Bangalore,Management,Full Time
Data Engineer,Miracle Solution,3.8,5-10 Yrs,Not disclosed,Kolkata,Python,Full Time
Data Engineer,Techsist Solution,3,8-12 Yrs,Not disclosed,Kolkata,Python,Full Time
Data Engineer,Miracle Solution,3.8,6-12 Yrs,Not disclosed,Kolkata,Python,Full Time
Python Data Engineer,Futurism Technologies,3.6,2-6 Yrs,Not disclosed,Kolkata,Statistics,Full Time
Data Engineer,Star4rall It Solutions,3.8,1-5 Yrs,Not disclosed,Kolkata,Python,Full Time
Data Engineer,Skillety,3.8,5-15 Yrs,Not disclosed,Kolkata,Python,Full Time
Data Engineer,Skillety,3.8,4-7 Yrs,Not disclosed,Kolkata,Python,Full Time
Data Engineer,Luxoft,4,10-12 Yrs,Not disclosed,Kolkata,Python,Full Time
Data Engineer,Testtriangle,4.7,4-6 Yrs,Not disclosed,Mumbai,Python,Full Time
Data Engineer,Rarr Technologies,4.1,5-12 Yrs,Not disclosed,Kolkata,Python,Full Time
Data Engineer,Tredence,3.6,3-6 Yrs,Not disclosed,Kolkata,Python,Full Time
Data Engineer,Arsr Technologies,3.8,1-3 Yrs,Not disclosed,Kolkata,Python,Full Time
Data Engineer,ARP Investments,3.8,2-2 Yrs,Not disclosed,Kolkata,Python,Full Time
Data Engineer,Skillety,3.8,1-4 Yrs,Not disclosed,Pune,Python,Full Time
Data Science Engineering,Carnation Infotech,3.8,7-8 Yrs,Not disclosed,Chennai,SQL,Full Time
 Big Data Engineer ,KANINI SOFTWARE SOLUTIONS INDIA,2.1,6-11 Yrs,Not disclosed,Hyderabad,TensorFlow,Hybrid
Data Engineer,Inference Labs,3.8,4-9 Yrs,Not disclosed,Mumbai,Python,Full Time
Data Engineer,Booking Holdings,4.7,1-4 Yrs,Not disclosed,Bangalore,Python,Full Time
Data Engineer,Calibo,4.3,5-8 Yrs,Not disclosed,Pune,Python,Full Time
Data Engineer,In Time Tec,4.2,2-4 Yrs,Not disclosed,Kolkata,Python,Full Time
Data Engineer,Miracle Solution,3.8,4-7 Yrs,Not disclosed,Kolkata,Python,Full Time
Data Engineer,Quantiphi Analytics Solutions,3.1,3-5 Yrs,Not disclosed,Mumbai,Python,Full Time
Data Engineer,Open Insights,4.2,2-5 Yrs,Not disclosed,Kolkata,Python,Full Time
Data Engineer,TMD - The Modern Dimension,3.8,6-11 Yrs,Not disclosed,New Delhi,Python,Full Time
Data Engineer,Andor Tech,3.5,2-5 Yrs,Not disclosed,Bangalore,Python,Full Time
Data Engineer,Globals Ites,4.2,3-5 Yrs,Not disclosed,Bangalore,Python,Full Time
Fullstack Data Engineer,Coders Brain Pvt Ltd,3.9,7-17 Yrs,Not disclosed,Bangalore,SQL,Full Time
Data Engineer,Coders Brain Pvt Ltd,3.9,2-8 Yrs,Not disclosed,Bangalore,Python,Full Time
Data Engineer,Elite Corporate Solutions,4,3-6 Yrs,Not disclosed,Bangalore,Python,Full Time
Data Engineer Lead,ECS ME,4.2,7-12 Yrs,19-34 Lacs PA,Pune,SQL,Hybrid
Data Engineer,Cosmicit Informatics India Private Limited,3.8,5-10 Yrs,Not disclosed,Hyderabad,Python,Full Time
Data Engineer,Ramanathan Software,3.8,2-5 Yrs,Not disclosed,Bangalore,Python,Full Time
Data Engineer,Ramsoft Systems,3.3,1-3 Yrs,Not disclosed,Bangalore,Python,Full Time
Data Engineer,Talent Smart Soft Solutions (opc),5,5-10 Yrs,Not disclosed,Bangalore,Python,Full Time
Data Engineer,Smiths,4.5,1-4 Yrs,Not disclosed,Bangalore,Python,Full Time
Data Engineer,Meddiff Technologies,3,1-3 Yrs,Not disclosed,Bangalore,Python,Full Time
Data Engineer,Wissen Technology,4,1-3 Yrs,Not disclosed,Bangalore,Python,Full Time
Data Engineer,Skillety,3.8,4-8 Yrs,Not disclosed,Noida,Python,Full Time
Data Engineer,Coders Brain Pvt Ltd,3.9,2-6 Yrs,Not disclosed,Bangalore,Python,Full Time
Data Engineer,Alten India,3.7,3-5 Yrs,Not disclosed,Bangalore,Python,Full Time
Data Engineer,Symphoni HR,3.8,4-9 Yrs,Not disclosed,Gujarat,Python,Remote
Data Engineer,Symphony HR,3.8,4-9 Yrs,Not disclosed,Gujarat,Python,Remote
Data Engineer,NovoTree Minds Consulting Pvt. Ltd.,3.8,2-5 Yrs,Not disclosed,Bangalore,Python,Full Time
Data Engineer,Xitadel,4,4-9 Yrs,Not disclosed,Bangalore,Python,Full Time
ML Data Engineer ,Token Metrics,1.6,1-3 Yrs,Not disclosed,Bangalore,Machine Learning,Full Time
Data Engineer,Loyalytics Consulting,3.9,1-3 Yrs,Not disclosed,Bangalore,Python,Full Time
Data Engineer,A global engineering group headquartered in Sweden.,3.8,5-10 Yrs,6.5-12 Lacs PA,Bangalore,Python,Full Time
Technical Lead - Data Engineering,Burgeon IT Services Pvt ltd,3.5,6-11 Yrs,Not disclosed,Mumbai,SQL,Full Time
Data Engineer,D4insight Tech,2.6,7-12 Yrs,Not disclosed,Bangalore,Python,Full Time
Data Engineer,RDA Labs,4.2,5-7 Yrs,Not disclosed,Bangalore,Python,Full Time
Consultant - Data Engineer,Aliqan Technologies,3.8,5-8 Yrs,Not disclosed,Bangalore,Statistics,Full Time
Data Engineer,D4insight Tech,2.6,5-8 Yrs,Not disclosed,Bangalore,Python,Full Time
Data Engineer,Tekshapers Software Solutions,3,2-4 Yrs,Not disclosed,Bangalore,Python,Full Time
Data Engineer,Triangle Global,3.8,5-8 Yrs,Not disclosed,Pune,Python,Full Time
Hadoop Data Engineer,Wissda Inc,4.3,4-9 Yrs,Not disclosed,Bangalore,Deep Learning,Full Time
Data Engineer Lead,Subraj International,3.8,3-5 Yrs,15-25 Lacs PA,Gujarat,SQL,Remote
Data Engineer,Referralboard,3.8,2-6 Yrs,Not disclosed,Bangalore,Python,Full Time
ML Data Engineer ,Coders Brain Pvt Ltd,3.9,6-10 Yrs,Not disclosed,Bangalore,Machine Learning,Full Time
Data Engineer,Coders Brain Pvt Ltd,3.9,6-12 Yrs,Not disclosed,Bangalore,Python,Full Time
Data Engineer,D4insight Tech,2.6,7-12 Yrs,Not disclosed,Bangalore,Python,Full Time
Data Engineer,Skillety,3.8,8-13 Yrs,Not disclosed,Hyderabad,Python,Full Time
Clinical Data Engineer,Databricks,3,3-8 Yrs,Not disclosed,Bangalore,Statistics,Full Time
Python Data Engineer,Capleo Global,3.8,3-6 Yrs,Not disclosed,Bangalore,Statistics,Full Time
Data Engineer,Imaginators Try Going Beyond,3.8,3-6 Yrs,2-4.5 Lacs PA,Bangalore,Python,Full Time
Data Engineer,Diverse Lynx,3.8,2-6 Yrs,Not disclosed,Bangalore,Python,Full Time
Data Engineer,Simpl,3.1,1-5 Yrs,Not disclosed,Bangalore,Python,Full Time
Data Engineer,Superior Group,4.8,4-8 Yrs,Not disclosed,Bangalore,Python,Full Time
 Big Data Engineer ,Indium Software,3.8,3-5 Yrs,Not disclosed,Hyderabad,TensorFlow,Full Time
Data Engineer,Intellicredence,5,4-6 Yrs,12-18 Lacs PA,Pune,Python,Hybrid
Data Engineer,Indium Software,3.8,4-9 Yrs,Not disclosed,Bangalore,Python,Full Time
Data Engineer,Data Foundry,3.6,9-14 Yrs,Not disclosed,Hyderabad,Python,Full Time
Data Engineer,LTT SYSTEMS PRIVATE LIMITED,3.8,3-5 Yrs,Not disclosed,Bangalore,Python,Full Time
Data Engineer,Triangle Global,3.8,5-9 Yrs,Not disclosed,Mumbai,Python,Full Time
Data Engineer,STATS PERFORM,4.4,2-5 Yrs,Not disclosed,Bangalore,Python,Full Time
Data Engineer,Carnation Infotech,3.8,4-9 Yrs,Not disclosed,Bangalore,Python,Full Time
Data Engineer,Servicio Now Implimentation And Operations,3.8,6-11 Yrs,Not disclosed,Bangalore,Python,Full Time
 Big Data Engineer ,Naukri Premium - Employer Services,3.8,4-8 Yrs,Not disclosed,Pune,TensorFlow,Hybrid
Data engineer,Burgeon IT Services Pvt ltd,3.5,3-6 Yrs,Not disclosed,Hyderabad,Python,Full Time
Data Engineer,Balbix,4.1,1-4 Yrs,Not disclosed,Gurgaon,Python,Full Time
Data Engineer,Corestrat Labs,2.9,3-5 Yrs,Not disclosed,Bangalore,Python,Full Time
Data Engineer,ProPMO Services Private Limited,3.8,2-4 Yrs,Not disclosed,Bangalore,Python,Full Time
Data Engineer,Diverse Lynx,3.8,1-5 Yrs,Not disclosed,Bangalore,Python,Full Time
Data Engineer,Trelleborg Ab,4.1,5-8 Yrs,Not disclosed,Bangalore,Python,Full Time
Data Engineer,Streamhub,3.8,1-4 Yrs,Not disclosed,Bangalore,Python,Full Time
Data Engineer,Coders Brain Pvt Ltd,3.9,5-7 Yrs,Not disclosed,Bangalore,Python,Full Time
Data Engineer Lead,Coders Brain Pvt Ltd,3.9,2-6 Yrs,Not disclosed,Bangalore,SQL,Full Time
data engineer,Diverse Lynx,3.8,6-8 Yrs,Not disclosed,Bangalore,Python,Full Time
Data Engineer,Mpower International Student Services,3.8,4-7 Yrs,Not disclosed,Bangalore,Python,Full Time
ML Data Engineer ,Coders Brain Pvt Ltd,3.9,8-10 Yrs,Not disclosed,Bangalore,Machine Learning,Full Time
Data Engineer,Utopus Insights,3.1,3-4 Yrs,Not disclosed,Bangalore,Python,Full Time
Data Engineer,Kwalee,3.4,3-4 Yrs,Not disclosed,Bangalore,Python,Full Time
Data Engineer,Ascendion Engineering,4.3,1-4 Yrs,Not disclosed,Bangalore,Python,Full Time
Data Engineer,Diverse Lynx,3.8,1-5 Yrs,Not disclosed,Bangalore,Python,Full Time
Data engineer,Diverse Lynx,3.8,1-5 Yrs,Not disclosed,Bangalore,Python,Full Time
Data engineer,Diverse Lynx,3.8,1-5 Yrs,Not disclosed,Bangalore,Python,Full Time
Data Engineer,Xpheno,3.8,2-5 Yrs,Not disclosed,Bangalore,Python,Full Time
Data Engineer,Xpheno,3.8,2-5 Yrs,Not disclosed,Bangalore,Python,Full Time
Data Engineer,Coffeebeans Consulting,4.2,5-9 Yrs,20-30 Lacs PA,Pune,Python,Hybrid
Data Engineer,IT,3.8,4-9 Yrs,Not disclosed,Bangalore,Python,Full Time
Data Engineer,Smiths,4.5,1-4 Yrs,Not disclosed,Bangalore,Python,Full Time
Data Engineer,Diverse Lynx,3.8,5-8 Yrs,Not disclosed,Bangalore,Python,Full Time
Data Engineer,NovoTree Minds Consulting Pvt. Ltd.,3.8,2-6 Yrs,Not disclosed,Bangalore,Python,Full Time
Data Engineer,Aarch Solutions,4.9,2-7 Yrs,Not disclosed,Bangalore,Python,Full Time
Data Engineer,Quicken Software Development,2.9,1-3 Yrs,Not disclosed,Bangalore,Python,Full Time
Data Engineer,Diverse Lynx,3.8,1-5 Yrs,Not disclosed,Bangalore,Python,Full Time
Data Engineer,DAZN India,2.7,8-12 Yrs,Not disclosed,Hyderabad,Python,Full Time
Data Engineer,Sagarsoft,4.5,5-10 Yrs,Not disclosed,Hyderabad,Python,Full Time
Data Engineer,Diverse Lynx,3.8,3-6 Yrs,Not disclosed,Bangalore,Python,Full Time
Data Engineer,Mimecast,3.8,5-7 Yrs,Not disclosed,Bangalore,Python,Full Time
Data Engineer,Agiro Digital Services,3.8,8-10 Yrs,Not disclosed,Pune,Python,Hybrid
Data Engineer,Aura Cloud,2.4,6-11 Yrs,Not disclosed,Bangalore,Python,Full Time
Data Engineer,Dezerv,3.8,1-3 Yrs,Not disclosed,Bangalore,Python,Full Time
Data Engineer,Finquest,3.4,1-5 Yrs,Not disclosed,Bangalore,Python,Full Time
Data Engineer Advisor,Time Analytic & Shared Services,4.8,7-12 Yrs,Not disclosed,Bangalore,SQL,Full Time
Python Data Engineer,Coders Brain Pvt Ltd,3.9,3-9 Yrs,Not disclosed,Bangalore,Statistics,Full Time
Data Engineer,ORMAE (Operations Research Machine learning & Analytics Experts LLP),3.4,2-7 Yrs,Not disclosed,Bangalore,Python,Full Time
SQL Data Engineers,Axcess Tech Systems India Pvt Ltd,3.8,2-4 Yrs,Not disclosed,Bangalore,SQL,Full Time
Data Engineer,Coders Brain Pvt Ltd,3.9,4-7 Yrs,Not disclosed,Bangalore,Python,Full Time
Data Engineer,Coders Brain Pvt Ltd,3.9,5-12 Yrs,Not disclosed,Bangalore,Python,Full Time
Data Engineer,Coders Brain Pvt Ltd,3.9,5-10 Yrs,Not disclosed,Bangalore,Python,Full Time
Data engineer,Coders Brain Pvt Ltd,3.9,5-8 Yrs,Not disclosed,Bangalore,Python,Full Time
Data Engineer,Coders Brain Pvt Ltd,3.9,5-10 Yrs,Not disclosed,Bangalore,Python,Full Time
Data Engineer,Coders Brain Pvt Ltd,3.9,6-8 Yrs,Not disclosed,Bangalore,Python,Full Time
Data Engineer,Coders Brain Pvt Ltd,3.9,7-15 Yrs,Not disclosed,Bangalore,Python,Full Time
Data Engineer,Coders Brain Pvt Ltd,3.9,7-10 Yrs,Not disclosed,Bangalore,Python,Full Time
ML Data Engineer ,NR Consulting,3.8,3-5 Yrs,Not disclosed,Bangalore,Machine Learning,Full Time
Data Engineer,Hangar Worldwide,4.2,4-7 Yrs,Not disclosed,Bangalore,Python,Full Time
Data Engineer,IB Services &amp;amp; Technologies,4,1-4 Yrs,Not disclosed,Bangalore,Python,Full Time
Data Engineer,Crossroad Elf,4.8,1-4 Yrs,Not disclosed,Bangalore,Python,Full Time
Data Engineer,HyreFox Consultants Pvt Ltd,3.8,5-12 Yrs,Not disclosed,Bangalore,Python,Full Time
Data Engineer,Shivark Virtual Academy,3.8,1-3 Yrs,Not disclosed,Bangalore,Python,Full Time
Data Science Engineering,Ascendion Engineering,4.3,2-6 Yrs,Not disclosed,Bangalore,SQL,Full Time
Data Engineer,Cliqhr,4.5,5-8 Yrs,Not disclosed,Bangalore,Python,Full Time
Data Engineer,Eclinical Solutions,3.2,1-5 Yrs,Not disclosed,Bangalore,Python,Full Time
Data Engineer,Skillety,3.8,1-4 Yrs,Not disclosed,Bangalore,Python,Full Time
Data Engineering,Gforce Consulting Solutions,4.2,4-6 Yrs,Not disclosed,Bangalore,SQL,Full Time
Data Engineer,Provenir Inc.,3.8,5-7 Yrs,Not disclosed,Bangalore,Python,Full Time
Data Engineer,Mindera,4.5,4-9 Yrs,Not disclosed,Bangalore,Python,Full Time
Data Engineer,Demyst,3.8,1-3 Yrs,Not disclosed,Bangalore,Python,Full Time
Data Engineering,4CRisk.ai,1.8,1-5 Yrs,Not disclosed,Bangalore,SQL,Full Time
Data Engineer,Numentica,4.6,5-10 Yrs,Not disclosed,Chennai,Python,Full Time
Data Engineer,Mm Staffing & Career Consultants,3.8,5-10 Yrs,Not disclosed,Bangalore,Python,Full Time
DATA ENGINEER,Take2,3.8,3-5 Yrs,Not disclosed,Bangalore,Python,Full Time
Data Engineer,client of sapwood venture,3.8,3-5 Yrs,10-13 Lacs PA,Pune,Python,Hybrid
Data engineer,Mm Staffing & Career Consultants,3.8,4-6 Yrs,Not disclosed,Bangalore,Python,Full Time
AI Data Engineer,Journeyfront,3.8,3-8 Yrs,12-22 Lacs PA,Gujarat,Machine Learning,Remote
Data Engineer,Diverse Lynx,3.8,1-5 Yrs,Not disclosed,Bangalore,Python,Full Time
Data Engineering,Big4 client,3.8,5-8 Yrs,7-15 Lacs PA,Pune,SQL,Full Time
Data Engineer,GE Appliances,3.9,3-6 Yrs,Not disclosed,Hyderabad,Python,Full Time
Data Engineer,GWC Technologies,4.2,3-8 Yrs,Not disclosed,Bangalore,Python,Full Time
Data Engineer,Diverse Lynx,3.8,1-5 Yrs,Not disclosed,Bangalore,Python,Full Time
Data Engineer,Capleo Global,3.8,1-4 Yrs,Not disclosed,Bangalore,Python,Full Time
Data Engineer,Exeevo,3.6,3-5 Yrs,Not disclosed,Bangalore,Python,Full Time
Data Engineer,KrazyBee,3.8,1-4 Yrs,Not disclosed,Bangalore,Python,Full Time
Data Engineer,Beechi Vidya Kendra Trust,3.8,2-4 Yrs,Not disclosed,Bangalore,Python,Full Time
ML Data Engineer ,CA One Tech ,3.4,2-7 Yrs,Not disclosed,Hyderabad,Machine Learning,Full Time
Data Engineer,Mindera,4.5,4-9 Yrs,Not disclosed,Bangalore,Python,Full Time
Data Engineer,Decision Foundry,4.5,3-6 Yrs,Not disclosed,Bangalore,Python,Full Time
Data Engineer,Manuh Solutions India,3.1,3-5 Yrs,Not disclosed,Bangalore,Python,Full Time
Data Engineer,Idexcel Technologies,3.5,3-6 Yrs,Not disclosed,Bangalore,Python,Full Time
Big Data Engineer,Altimetrik,3.9,3-7 Yrs,Not disclosed,Pune,TensorFlow,Hybrid
Big Data Engineer,Altimetrik,3.9,4-8 Yrs,Not disclosed,Bangalore,TensorFlow,Full Time
Big Data-AWS,IBM,4.1,2-6 Yrs,Not disclosed,Pune,TensorFlow,Full Time
Big Data-AWS,IBM,4.1,2-6 Yrs,Not disclosed,Pune,TensorFlow,Full Time
Fullstack Data Engineer,Join Our Team as a Lead Data Engineer,3.8,7-10 Yrs,Not disclosed,Pune,SQL,Hybrid
Senior Associate Data Engineering ,Walmart,4,7-10 Yrs,Not disclosed,Bangalore,Management,Full Time
Senior Big Data Engineer,Digit88,3.8,2-5 Yrs,Not disclosed,Bangalore,Statistics,Full Time
Junior Data Engineer,phData,4,4-8 Yrs,Not disclosed,Bangalore,Deep Learning,Full Time
Senior Big Data Engineer,Bizviz Technologies,2.6,5-10 Yrs,Not disclosed,Hyderabad,Statistics,Full Time
Junior Data Engineer,Stalwart Innovations,3.8,5-10 Yrs,Not disclosed,Hyderabad,Deep Learning,Full Time
Senior Big Data Engineer,Leading Client,3.8,5-10 Yrs,Not disclosed,Bangalore,Statistics,Full Time
Senior Big Data Engineer,Banyan Data Services,5,5-10 Yrs,Not disclosed,Bangalore,Statistics,Full Time
Data Engineering,Paytm,3.4,5-7 Yrs,Not disclosed,Bangalore,SQL,Full Time
Data Engineer,Changeleaders Consulting,3.8,5-10 Yrs,13-22.5 Lacs PA,Kolkata,Python,Full Time
Data Engineer,Sporting Goods Manufacturing,3.8,5-8 Yrs,20-25 Lacs PA,Hyderabad,Python,Full Time
Clinical Data Engineer,Cosmicit Informatics India Private Limited  ,3.8,8-12 Yrs,Not disclosed,Hyderabad,Statistics,Full Time
Data Engineer,fifthnote,4.2,3-4 Yrs,Not disclosed,Chennai,Python,Full Time
Data Engineer,fifthnote,4.2,3-5 Yrs,Not disclosed,Chennai,Python,Full Time
AI Data Engineer,Emorphis,4.2,2-7 Yrs,Not disclosed,Gujarat,Machine Learning,Remote
Data Engineer,Adyog,3.8,2-4 Yrs,Not disclosed,Chennai,Python,Full Time
Data Engineer,Innopark,4.4,3-5 Yrs,Not disclosed,Hyderabad,Python,Full Time
Data Engineer,GSR Business Services,3.7,2-4 Yrs,Not disclosed,Mumbai,Python,Full Time
Data Scientist,Vinove Software,3,5-9 Yrs,7-14 Lacs PA,Noida,SQL,Full Time
Data Engineer Advisor,FlexTrade,3.5,4-7 Yrs,Not disclosed,Pune,SQL,Full Time
Data Science Engineering,Kamlax Technologies (opc),3.8,3-6 Yrs,Not disclosed,Hyderabad,SQL,Full Time
Data Engineering,Cybage,4,3-7 Yrs,Not disclosed,Pune,SQL,Full Time
Data Engineer,Discovery Communications,3.7,2-4 Yrs,Not disclosed,Hyderabad,Python,Full Time
ML Data Engineer ,Superior Electric Machines,3.8,4-5 Yrs,Not disclosed,Hyderabad,Machine Learning,Full Time
AI Data Engineer,Superior Electric Machines,3.8,3-5 Yrs,Not disclosed,Hyderabad,Machine Learning,Full Time
Data Engineer,Finxera,3.2,2-7 Yrs,Not disclosed,Chennai,Python,Full Time
Data Engineer,Product based MNC Company,3.8,10-17 Yrs,Not disclosed,Hyderabad,Python,Full Time
Data Engineer,Netcom Learning,3.2,10-20 Yrs,10-20 Lacs PA,Gujarat,Python,Remote
 Big Data Engineer ,Vaco Binary Semantics,3.5,5-10 Yrs,Not disclosed,Pune,TensorFlow,Hybrid
Data Engineer,MMGS,3.8,2-7 Yrs,Not disclosed,Pune,Python,Hybrid
Data Engineer,PETADATA,3.8,5-8 Yrs,Not disclosed,Hyderabad,Python,Full Time
Data Engineer,Criticalriver,3.4,5-6 Yrs,Not disclosed,Hyderabad,Python,Full Time
Data Science Engineering,Criticalriver,3.4,5-7 Yrs,Not disclosed,Hyderabad,SQL,Full Time
Data Engineer,Futurism Technologies,3.8,7-12 Yrs,Not disclosed,Pune,Python,Full Time
ML Data Engineer ,Trantor,3.6,4-9 Yrs,Not disclosed,Pune,Machine Learning,Hybrid
ML Data Engineer ,Fusion Plus Solutions Inc,3.8,2-6 Yrs,Not disclosed,Hyderabad,Machine Learning,Full Time
Data Engineer,Decimal Point Analytics,3.2,2-5 Yrs,Not disclosed,Gurgaon,Python,Full Time
Data Engineer,American Express Global Business Travel,4.1,5-8 Yrs,Not disclosed,Gurgaon,Python,Full Time
AI Data Engineer,Virtue Sources Llp,3.8,5-7 Yrs,Not disclosed,Gujarat,Machine Learning,Remote
Data Engineer,iTech India,3.6,4-9 Yrs,Not disclosed,Chennai,Python,Full Time
Data Engineer,"Global JV between two financial technology world leaders, th",3.8,4-6 Yrs,Not disclosed,Pune,Python,Hybrid
Data Engineer,EDGE Executive,4.7,4-6 Yrs,Not disclosed,New Delhi,Python,Full Time
Data Engineer,Techverito Software Solutions,3.8,2-4 Yrs,Not disclosed,Pune,Python,Full Time
Data Architect ,Infoneo,4.2,10-20 Yrs,Not disclosed,Chennai,Statistics,Full Time
ML Data Engineer ,Tiger Analytics,3.5,5-10 Yrs,Not disclosed,Hyderabad,Machine Learning,Full Time
Data engineer,Green Clover,3.8,1-5 Yrs,Not disclosed,Pune,Python,Full Time
Data Engineer,Pepsi Foods,4.1,5-7 Yrs,Not disclosed,Hyderabad,Python,Full Time
Data Engineer Advisor,Gartner,3.8,2-4 Yrs,Not disclosed,Gurgaon,SQL,Full Time
Data Engineer,Pepsi Foods,4.1,1-4 Yrs,Not disclosed,Hyderabad,Python,Full Time
Data Engineer,Green Clover,3.8,4-5 Yrs,Not disclosed,Mumbai,Python,Full Time
Java Data Engineer,Vigoursoft Global Solutions,4,5-10 Yrs,Not disclosed,Pune,Deep Learning,Full Time
Big Data Engineer,Lingaro Group,4.2,1-5 Yrs,Not disclosed,Kolkata,TensorFlow,Full Time
Big Data Engineer,UST,3.9,5-8 Yrs,14-18 Lacs PA,Mumbai,TensorFlow,Hybrid
Big Data Engineer,KPI Partners,3.4,4-9 Yrs,11-21 Lacs PA,Mumbai,TensorFlow,Hybrid
Big Data-AWS,IBM,4.1,5-7 Yrs,Not disclosed,Hyderabad,TensorFlow,Full Time
Big Data Engineer,IBM,4.1,5-8 Yrs,Not disclosed,Hyderabad,TensorFlow,Full Time
Big Data-AWS,IBM,4.1,5-10 Yrs,Not disclosed,Pune,TensorFlow,Full Time
Big Data-AWS,IBM,4.1,3-8 Yrs,Not disclosed,Pune,TensorFlow,Full Time
Big Data-AWS,IBM,4.1,2-6 Yrs,Not disclosed,Pune,TensorFlow,Full Time
Big Data-AWS,IBM,4.1,2-6 Yrs,Not disclosed,Pune,TensorFlow,Full Time
Big Data-AWS,IBM,4.1,2-6 Yrs,Not disclosed,Pune,TensorFlow,Full Time
Big Data Engineer,IBM,4.1,5-9 Yrs,Not disclosed,Hyderabad,TensorFlow,Full Time
Data Engineer,Leading Client,3.8,5-10 Yrs,Not disclosed,Mumbai,Python,Full Time
Lead Data Engineer,Tiger Analytics,3.5,14-21 Yrs,Not disclosed,Mumbai,Management,Hybrid
Senior Big Data Engineer,RCG Global Services,3.7,4-7 Yrs,Not disclosed,Kolkata,Statistics,Full Time
Data Engineering,Telstra,4.2,5-10 Yrs,Not disclosed,Hyderabad,SQL,Full Time
Senior Big Data Engineer,Fractal Analytics,4,5-10 Yrs,Not disclosed,Mumbai,Statistics,Full Time
Senior Big Data Engineer,Saturam Infosystems,4.5,3-8 Yrs,Not disclosed,Bangalore,Statistics,Full Time
Senior Data Engineer,Mindtickle,3.8,2-6 Yrs,Not disclosed,Bangalore,Statistics,Full Time
Junior Data Engineer,Novitas Infotech,3.4,3-6 Yrs,Not disclosed,Noida,Deep Learning,Full Time
Senior Data Engineer,Walmart,4,4-8 Yrs,Not disclosed,Bangalore,Statistics,Full Time
Power Programmer,Infosys,3.9,8-13 Yrs,Not disclosed,Mumbai,Statistics,Hybrid
Junior Data Engineer,Citiustech,3.5,4-8 Yrs,Not disclosed,Mumbai,Deep Learning,Full Time
Senior Data Engineer,Siemens,4.2,5-10 Yrs,Not disclosed,Bangalore,Statistics,Full Time
Senior Data Engineer,GSK India,4.1,4-7 Yrs,Not disclosed,Bangalore,Statistics,Full Time
Junior Data Engineer,Tata Consultancy Services (TCS),3.8,6-10 Yrs,Not disclosed,Kolkata,Deep Learning,Full Time
Senior Data Engineer,Tata Elxsi,4,3-5 Yrs,Not disclosed,Pune,Statistics,Full Time
Data Engineering,PwC,3.6,5-9 Yrs,Not disclosed,Mumbai,SQL,Full Time
Senior Data Engineer,Siemens,4.2,3-7 Yrs,Not disclosed,Bangalore,Statistics,Full Time
Data Engineer Lead,Dell Technologies,4.1,8-12 Yrs,Not disclosed,Mumbai,SQL,Remote
Senior Data Engineer,Walmart,4,1-6 Yrs,Not disclosed,Bangalore,Statistics,Full Time
Senior Data Engineer,Visa Inc,4.2,3-7 Yrs,Not disclosed,Bangalore,Statistics,Full Time
ML Data Engineer ,Visa Inc,4.2,5-10 Yrs,Not disclosed,Bangalore,Machine Learning,Full Time
AI Data Engineer,PwC,3.6,1-4 Yrs,Not disclosed,Kolkata,Machine Learning,Full Time
Senior Data Engineer,Sony Corporation Of America,3.8,3-6 Yrs,Not disclosed,Bangalore,Statistics,Full Time
Power Programmer,Infosys,3.9,8-10 Yrs,Not disclosed,Bangalore,Statistics,Full Time
ML Data Engineer ,Visa Inc,4.2,10-12 Yrs,Not disclosed,Bangalore,Machine Learning,Full Time
Senior Big Data Engineer,Visa Inc,4.2,5-8 Yrs,Not disclosed,Bangalore,Statistics,Full Time
Data Engineer,Accelya,3.7,5-10 Yrs,18-20 Lacs PA,Mumbai,Python,Hybrid
Hadoop Data Engineer,Citiustech,3.5,3-8 Yrs,Not disclosed,Mumbai,Deep Learning,Full Time
Power Programmer,IBM,4.1,2-5 Yrs,Not disclosed,Bangalore,Statistics,Full Time
Hadoop Data Engineer,Analytics / KPO / Research,3.8,9-14 Yrs,Not disclosed,Bangalore,Deep Learning,Full Time
Technical Lead - Data Engineering,Citiustech,3.5,7-10 Yrs,15-27.5 Lacs PA,Pune,SQL,Full Time
Data Warehouse,IBM,4.1,2-5 Yrs,Not disclosed,Bangalore,SQL,Full Time
Azure Data Engineer,Tata Consultancy Services (TCS),3.8,6-10 Yrs,Not disclosed,Kolkata,TensorFlow,Full Time
Data Engineer,Acceligize Business Services,4.1,1-5 Yrs,2-5 Lacs PA,Pune,Python,Full Time
Data Engineer,Genzeon Corporation,3,2-5 Yrs,Not disclosed,Pune,Python,Full Time
Data Engineer Lead,Narwal Technologies,3.8,5-10 Yrs,10-20 Lacs PA,Mumbai,SQL,Remote
Data Engineer,Drive Bigger!,3.8,4-9 Yrs,Not disclosed,Mumbai,Python,Hybrid
 Big Data Engineer ,Simform Solutions,3.7,3-5 Yrs,Not disclosed,Gujarat,TensorFlow,Full Time
Data Engineer,Nebula partners,2.9,7-8 Yrs,6-10 Lacs PA,Mumbai,Python,Remote
Technical Lead - Data Engineering,Vinove Software,3,5-7 Yrs,10-15 Lacs PA,Noida,SQL,Full Time
Data Engineer Lead,nimoy.ai,3.8,2-6 Yrs,Not disclosed,Gurgaon,SQL,Full Time
Technical Lead - Data Engineering,Vinove Software,3,6-9 Yrs,7-15 Lacs PA,Noida,SQL,Full Time
Data Engineer,E-cloud Aeon Software Technology,3.8,3-8 Yrs,Not disclosed,Mumbai,Python,Hybrid
Marketing Data Engineer,Russell Investments,3.8,0-3 Yrs,Not disclosed,Mumbai,Management,Full Time
Data Warehouse,IBM,4.1,2-5 Yrs,Not disclosed,Bangalore,SQL,Full Time
Data Warehouse,IBM,4.1,2-5 Yrs,Not disclosed,Bangalore,SQL,Full Time
Data Warehouse,IBM,4.1,2-5 Yrs,Not disclosed,Bangalore,SQL,Full Time
Data Engineer,Technogen,3.5,5-8 Yrs,12-19 Lacs PA,Hyderabad,Python,Full Time
Data Engineer,Mouri Tech,3.9,5-8 Yrs,Not disclosed,Hyderabad,Python,Full Time
Data Engineer,Technogen,3.5,4-8 Yrs,Not disclosed,Hyderabad,Python,Full Time
AI Data Engineer,nimoy.ai,3.8,2-6 Yrs,Not disclosed,Gurgaon,Machine Learning,Full Time
Data Engineer,Parentpay Group India,4,5-10 Yrs,Not disclosed,Pune,Python,Full Time
Data Engineer Lead,APPLIED INFORMATION SCIENCES (AIS),4.2,6-10 Yrs,Not disclosed,Mumbai,SQL,Hybrid
Data Engineer,E2e Research,3.2,3-7 Yrs,Not disclosed,Gurgaon,Python,Full Time
Data Engineer,PAYODA,4.1,3-8 Yrs,Not disclosed,Hyderabad,Python,Full Time
Data Engineer,Innovative Associates,3.8,3-8 Yrs,8-18 Lacs PA,Chennai,Python,Full Time
Data Engineer,Sdna Global,3.8,5-9 Yrs,15-22.5 Lacs PA,Chennai,Python,Full Time
Data Engineer,Datastream Solutions,3.8,0-5 Yrs,Not disclosed,Mumbai,Python,Full Time
Data Engineer,PETADATA,3.8,5-8 Yrs,Not disclosed,Hyderabad,Python,Full Time
AI Data Engineer,HALE HIT Labs Pvt. Ltd.,3.8,5-8 Yrs,Not disclosed,Mumbai,Machine Learning,Hybrid
Data Engineer,Danish Meteorological Institute,3.8,3-9 Yrs,Not disclosed,Pune,Python,Full Time
Data Engineer,Warner Bros. Discovery,4,3-6 Yrs,Not disclosed,Hyderabad,Python,Full Time
Data Engineer,Study Group,3.7,1-4 Yrs,Not disclosed,Noida,Python,Full Time
Data Engineer,Technogen,3.5,5-8 Yrs,Not disclosed,Hyderabad,Python,Full Time
Data Engineer,Nebula Partners,2.9,5-7 Yrs,5-10 Lacs PA,Hyderabad,Python,Full Time
Data Engineer,Ysquare Technology,4.2,0-2 Yrs,Not disclosed,Chennai,Python,Full Time
Data Engineer,Cint,4.2,0-4 Yrs,Not disclosed,Gurgaon,Python,Full Time
Data Engineer,Argus India Price Reporting Services,3.8,0-2 Yrs,Not disclosed,Mumbai,Python,Full Time
Data Engineer,Clavius Solutions,3.8,4-8 Yrs,10-15 Lacs PA,Mumbai,Python,Hybrid
Data Engineer,Hanu Consultancy Services,3.8,0-4 Yrs,Not disclosed,Noida,Python,Full Time
ML Data Engineer ,Microsoft,3.8,2-7 Yrs,10-20 Lacs PA,Mumbai,Machine Learning,Hybrid
Data Engineer Lead,Global Pharma Tek,3.4,2-5 Yrs,Not disclosed,Hyderabad,SQL,Full Time
Data Engineer,Global Pharma Tek,3.4,3-5 Yrs,Not disclosed,Hyderabad,Python,Full Time
Data Engineer,Global Pharma Tek,3.4,2-5 Yrs,Not disclosed,Hyderabad,Python,Full Time
Data Engineer,Global Pharma Tek,3.4,8-11 Yrs,Not disclosed,Pune,Python,Full Time
 Big Data Engineer ,WSNE Consulting,3.8,4-8 Yrs,10-18 Lacs PA,Hyderabad,TensorFlow,Full Time
Data Engineer,P S International HR Consultants,4.6,0-4 Yrs,Not disclosed,Mumbai,Python,Full Time
Data Engineer,Hanu Software Solutions Pvt Ltd,3.6,0-5 Yrs,Not disclosed,Gujarat,Python,Full Time
Data Engineer,Hanu Software Solutions Pvt Ltd,3.6,0-4 Yrs,Not disclosed,Noida,Python,Full Time
Big Data Engineer,theglove,3.8,5-9 Yrs,Not disclosed,Bangalore,TensorFlow,Full Time
Big Data Engineer,Learningbrite Technologies,4.5,2-6 Yrs,7.5-15 Lacs PA,Mumbai,TensorFlow,Hybrid
Manager - Data Engineer,Publicis Resources,3.6,8-12 Yrs,Not disclosed,Bangalore,Management,Full Time
Big Data Engineer,Global Pharma Tek,3.4,2-5 Yrs,Not disclosed,Bangalore,TensorFlow,Full Time
Data Warehouse,IBM,4.1,3-8 Yrs,Not disclosed,Pune,SQL,Full Time
Data Warehouse,IBM,4.1,3-8 Yrs,Not disclosed,Pune,SQL,Full Time
Big Data Engineer,IBM,4.1,2-5 Yrs,Not disclosed,Kolkata,TensorFlow,Full Time
Data Warehouse,IBM,4.1,4-6 Yrs,Not disclosed,Pune,SQL,Full Time
Data Warehouse,IBM,4.1,4-8 Yrs,Not disclosed,Pune,SQL,Full Time
Big Data Engineer,IBM,4.1,5-7 Yrs,Not disclosed,Hyderabad,TensorFlow,Full Time
Data Warehouse,IBM,4.1,5-9 Yrs,Not disclosed,Hyderabad,SQL,Full Time
Data Warehouse,IBM,4.1,2-6 Yrs,Not disclosed,Pune,SQL,Full Time
Big Data Engineer,IBM,4.1,3-5 Yrs,Not disclosed,Hyderabad,TensorFlow,Full Time
Big Data Engineer,Carelon,3.8,4-8 Yrs,Not disclosed,Gurgaon,TensorFlow,Full Time
Big Data Engineer,IBM,4.1,5-10 Yrs,Not disclosed,Hyderabad,TensorFlow,Full Time
Big Data Engineer,IBM,4.1,5-9 Yrs,Not disclosed,Hyderabad,TensorFlow,Full Time
Business Intelligence,IBM,4.1,5-7 Yrs,Not disclosed,Hyderabad,TensorFlow,Full Time
Business Intelligence,IBM,4.1,2-5 Yrs,Not disclosed,Hyderabad,TensorFlow,Full Time
Business Intelligence,IBM,4.1,5-9 Yrs,Not disclosed,Hyderabad,TensorFlow,Full Time
Business Intelligence,IBM,4.1,5-8 Yrs,Not disclosed,Hyderabad,TensorFlow,Full Time
Big Data Engineer,IBM,4.1,2-5 Yrs,Not disclosed,Mumbai,TensorFlow,Full Time
Technical Lead - Data Engineering,Tata Consultancy Services (TCS),3.8,8-10 Yrs,Not disclosed,Hyderabad,SQL,Full Time
Data Engineer,Leading Client,3.8,3-5 Yrs,Not disclosed,Gurgaon,Python,Full Time
Data Science Engineering,Deutsche Bank,4.1,8-12 Yrs,Not disclosed,Pune,SQL,Full Time
Business Intelligence,IBM,4.1,2-5 Yrs,Not disclosed,Hyderabad,TensorFlow,Full Time
Big Data Engineer,IBM,4.1,5-7 Yrs,Not disclosed,Hyderabad,TensorFlow,Full Time
Big Data Engineer,IBM,4.1,2-5 Yrs,Not disclosed,Hyderabad,TensorFlow,Full Time
Data Engineer Lead,Alstom,3.9,7-12 Yrs,Not disclosed,Bangalore,SQL,Full Time
Data Engineering,Accenture,4,6-8 Yrs,Not disclosed,Bangalore,SQL,Full Time
Data Engineer Lead,Datametica,4,3-8 Yrs,Not disclosed,Mumbai,SQL,Hybrid
Data Science Engineering,Deutsche Bank,4.1,3-7 Yrs,Not disclosed,Pune,SQL,Full Time
Senior Big Data Engineer,Coforge,3.5,7-12 Yrs,Not disclosed,Gurgaon,Statistics,Hybrid
Senior Manager - Data Engineer,Altimetrik,3.9,8-12 Yrs,Not disclosed,Chennai,Management,Full Time
AI Data Engineer,LatentView,3.9,3-7 Yrs,Not disclosed,Chennai,Machine Learning,Full Time
Senior Big Data Engineer,Nineleaps,3.8,2-6 Yrs,Not disclosed,Hyderabad,Data Analytics,Full Time
Senior Big Data Engineer,Brillio,3.6,8-11 Yrs,Not disclosed,Bangalore,Data Analytics,Full Time
Senior Big Data Engineer,Themathcompany,2.7,4-7 Yrs,Not disclosed,Gurgaon,Data Analytics,Hybrid
Senior Manager - Data Engineer,Altimetrik,3.9,4-8 Yrs,Not disclosed,Bangalore,Management,Full Time
Senior Manager - Data Engineer,Altimetrik,3.9,4-6 Yrs,Not disclosed,Bangalore,Management,Full Time
Senior Big Data Engineer,Circana,3.8,4-9 Yrs,Not disclosed,Pune,Data Analytics,Full Time
Data Engineer Lead,Allegis Global Solutions (AGS),3.8,6-8 Yrs,Not disclosed,Gurgaon,SQL,Hybrid
Azure Data Engineer,Tata Consultancy Services (TCS),3.8,5-10 Yrs,Not disclosed,Hyderabad,TensorFlow,Full Time
Data Engineer Advisor,Flipkart,4.1,1-3 Yrs,Not disclosed,Bangalore,SQL,Full Time
Data Engineer Advisor,Walmart,4,3-7 Yrs,Not disclosed,Chennai,SQL,Full Time
Data Engineer,Peak,3.8,1-5 Yrs,Not disclosed,Kolkata,Python,Full Time
Azure Data Engineer,Ness,3.5,3-7 Yrs,Not disclosed,Mumbai,TensorFlow,Remote
Data Engineer,Wadhwani Foundation,3,5-10 Yrs,Not disclosed,New Delhi,Python,Full Time
Data Engineer,Wadhwani Institute Of Technology And Policy,3.9,5-10 Yrs,Not disclosed,New Delhi,Python,Full Time
Data Engineer,Covansis It Services,3.8,3-6 Yrs,Not disclosed,Kolkata,Python,Full Time
Data Engineer,Coeo Labs,3.8,2-4 Yrs,Not disclosed,Hyderabad,Python,Full Time
Data Engineer,Zuru Tech India,4.5,2-7 Yrs,Not disclosed,Gujarat,Python,Full Time
Data Engineer,Zuru,4.5,1-5 Yrs,Not disclosed,Gujarat,Python,Full Time
ML Data Engineer ,Staffbee Solutions Inc,3.1,9-14 Yrs,Not disclosed,Mumbai,Machine Learning,Remote
Data Engineer,Integrichain,4.7,4-6 Yrs,Not disclosed,Pune,Python,Full Time
Data Engineer,Fisker,3.6,1-4 Yrs,Not disclosed,Hyderabad,Python,Full Time
Data Engineer,Blenheim Chalcot,3.2,1-5 Yrs,Not disclosed,Mumbai,Python,Full Time
Data Engineer,Crowe,4.3,4-8 Yrs,8.5-18 Lacs PA,Gurgaon,Python,Hybrid
Data Engineer,T-systems Ict India,4,5-8 Yrs,Not disclosed,Pune,Python,Full Time
Data Engineer,Paraminfo,4.3,3-6 Yrs,Not disclosed,Hyderabad,Python,Full Time
Data Engineer,IDP,4,1-2 Yrs,Not disclosed,Chennai,Python,Full Time
Business Intelligence,IBM,4.1,3-5 Yrs,Not disclosed,Bangalore,TensorFlow,Full Time
Business Intelligence,IBM,4.1,2-5 Yrs,Not disclosed,Bangalore,TensorFlow,Full Time
Data Engineer,Scatterpie Analytics,4.5,3-8 Yrs,Not disclosed,Mumbai,Python,Full Time
Data Engineer,Winthru Consulting And Training,3.8,3-6 Yrs,10-15 Lacs PA,Chennai,Python,Full Time
Data Engineering,Fusion Plus Solutions Inc,3.8,2-4 Yrs,Not disclosed,Hyderabad,SQL,Full Time
Data Engineer,Shavish Hr And Digital Marketing,3.8,4-8 Yrs,12-17 Lacs PA,Hyderabad,Python,Full Time
Junior Data Engineer,Wabtec,4,10-12 Yrs,Not disclosed,Gurgaon,Deep Learning,Hybrid
Data Engineer,Galytix Analytics,2.2,8-13 Yrs,Not disclosed,Gurgaon,Python,Full Time
Data Engineer,Blackstraw Technologies,4,2-4 Yrs,Not disclosed,Mumbai,Python,Full Time
Azure Data Engineer,Tech Mahindra,3.7,5-10 Yrs,Not disclosed,Mumbai,TensorFlow,Remote
Data Engineer,Resourcemojo,3.8,5-8 Yrs,Not disclosed,Kolkata,Python,Remote
Data Science Engineering,Exo Edge India,4.2,6-10 Yrs,Not disclosed,Mumbai,SQL,Full Time
Data Engineer,Beechi Vidya Kendra Trust,3.8,5-7 Yrs,Not disclosed,Hyderabad,Python,Full Time
Data Engineer,Proclink,4.6,5-7 Yrs,Not disclosed,Hyderabad,Python,Full Time
Data Engineer,Iq-eq,2.7,2-6 Yrs,Not disclosed,Hyderabad,Python,Full Time
 Big Data Engineer ,Zuci Systems India,4.3,4-6 Yrs,Not disclosed,Chennai,TensorFlow,Full Time
Data Engineer,Pri India It Services,3.8,5-10 Yrs,5-8 Lacs PA,Gurgaon,Python,Hybrid
Data Engineer,Business Brio,3.8,3-5 Yrs,Not disclosed,Kolkata,Python,Full Time
Data Engineer,Neuronimbus Software Services,4.5,5-8 Yrs,Not disclosed,Gurgaon,Python,Full Time
Data Engineer,Ontic,3.8,3-6 Yrs,Not disclosed,Noida,Python,Full Time
Data Engineer,IT Service based,3.8,4-9 Yrs,Not disclosed,Mumbai,Python,Full Time
Data Engineer,PineBridge,4.5,2-6 Yrs,Not disclosed,Mumbai,Python,Full Time
Data Engineer,Nuvento Systems,4,5-10 Yrs,Not disclosed,Kolkata,Python,Full Time
Technical Lead - Data Engineering,Vinove Software,3,5-8 Yrs,6-12 Lacs PA,Noida,SQL,Full Time
ML Data Engineer ,Nielseniq India,3.9,3-8 Yrs,Not disclosed,Pune,Machine Learning,Full Time
Data Engineer,HyreFox Consultants Pvt Ltd,4,5-10 Yrs,Not disclosed,Hyderabad,Python,Full Time
Data Engineer,Recbots,3.8,4-9 Yrs,Not disclosed,Chennai,Python,Full Time
Data Engineer,Fulcrum Alm Solutions,3.8,3-5 Yrs,Not disclosed,Pune,Python,Full Time
Data Engineer,Tonik Financial India,3.5,3-7 Yrs,Not disclosed,Gurgaon,Python,Hybrid
Data Engineer,Datatobiz,4.9,1-5 Yrs,Not disclosed,Mumbai,Python,Full Time
Data Engineer,E-stone Information Technology,4.9,4-9 Yrs,Not disclosed,Mumbai,Python,Full Time
Data Engineer,Successive Technologies,3.7,4-6 Yrs,Not disclosed,Pune,Python,Full Time
Data Engineering,Credera,3.5,14-16 Yrs,Not disclosed,Hyderabad,SQL,Full Time
Data Engineer,Paramount Health Services,3.9,8-12 Yrs,Not disclosed,Hyderabad,Python,Full Time
Data Science Engineering,Proarch It Solutions,3.5,8-13 Yrs,Not disclosed,Kolkata,SQL,Remote
Data Engineer,Diverse Lynx,3.8,4-8 Yrs,Not disclosed,Pune,Python,Full Time
Data Engineer,Eucloid Data Solutions,4.8,5-6 Yrs,Not disclosed,New Delhi,Python,Full Time
Data Engineer,DAZN,2.7,1-5 Yrs,Not disclosed,Hyderabad,Python,Full Time
Data Engineer,Quetech Software,3.8,2-4 Yrs,Not disclosed,Mumbai,Python,Full Time
Data Engineer,Energy Exemplar,4,2-6 Yrs,Not disclosed,Pune,Python,Full Time
Data Engineer,Zingmind Technologies,3.8,3-8 Yrs,Not disclosed,Kolkata,Python,Remote
ML Data Engineer ,Token Metrics,1.6,1-3 Yrs,Not disclosed,New Delhi,Machine Learning,Full Time
ML Data Engineer ,Token Metrics,1.6,1-3 Yrs,Not disclosed,Mumbai,Machine Learning,Full Time
ML Data Engineer ,Token Metrics,1.6,1-3 Yrs,Not disclosed,New Delhi,Machine Learning,Full Time
ML Data Engineer ,Token Metrics,1.6,1-3 Yrs,Not disclosed,Hyderabad,Machine Learning,Full Time
Data Engineer,Isagebrum Technologies,3.5,3-5 Yrs,Not disclosed,Gujarat,Python,Full Time
Business Intelligence,IBM,4.1,2-5 Yrs,Not disclosed,Bangalore,TensorFlow,Full Time
Data Engineer Advisor,Walmart,4,2-5 Yrs,Not disclosed,Bangalore,SQL,Full Time
Data Engineer,Payoda Technologies,4.1,5-10 Yrs,Not disclosed,Hyderabad,Python,Full Time
Data Engineer,Zessta Software Services,4.2,4-12 Yrs,Not disclosed,Hyderabad,Python,Full Time
Data Engineer,Caliber Hunt - A Candidate Portal,3.8,1-8 Yrs,Not disclosed,Mumbai,Python,Full Time
Data Engineer Advisor,Realpage,3.8,7-10 Yrs,Not disclosed,Hyderabad,SQL,Full Time
Data Engineer,Valasys Media,2.2,2-4 Yrs,Not disclosed,Pune,Python,Full Time
Data Engineer,HyreFox Consultants Pvt Ltd,4,2-8 Yrs,Not disclosed,Gurgaon,Python,Full Time
Data Engineer,Infoobjects,4.1,3-8 Yrs,Not disclosed,Kolkata,Python,Full Time
Data Engineer,Lance Labs,3.8,1-3 Yrs,3-5 Lacs PA,Chennai,Python,Full Time
Data Engineer,Brio Technologies,4.1,1-3 Yrs,Not disclosed,Hyderabad,Python,Full Time
Data Engineer,Infoanalytica,3.8,1-4 Yrs,Not disclosed,Gujarat,Python,Full Time
Data Engineer,Pago Analytics,2.4,3-5 Yrs,Not disclosed,Hyderabad,Python,Full Time
Lead BI Analyst ,Fusion Plus Solutions Inc,3.8,2-5 Yrs,Not disclosed,Hyderabad,Deep Learning,Full Time
Data Engineer,Fusion Plus Solutions Inc,3.8,2-4 Yrs,Not disclosed,Hyderabad,Python,Full Time
Data Engineer,Zensark India,4.1,5-10 Yrs,Not disclosed,Hyderabad,Python,Full Time
Data Engineering,Pepsi Foods,4.1,4-9 Yrs,Not disclosed,Hyderabad,SQL,Full Time
Data Engineer,Grazitti Interactive,3.8,4-9 Yrs,Not disclosed,Mumbai,Python,Full Time
Data Engineer,Capleo Global,3.8,1-4 Yrs,Not disclosed,Gujarat,Python,Full Time
Data Engineer,Physicswallah,4,5-7 Yrs,Not disclosed,Noida,Python,Full Time
Data engineer,Coders Brain Pvt Ltd,3.9,5-10 Yrs,Not disclosed,Gurgaon,Python,Full Time
Data Engineer,Pinion Services,3.8,1-6 Yrs,Not disclosed,Hyderabad,Python,Full Time
Data Engineer,Grazitti Interactive,3.8,4-9 Yrs,Not disclosed,Mumbai,Python,Full Time
Data Engineer,Diverse Lynx,3.8,2-6 Yrs,Not disclosed,Gujarat,Python,Full Time
Data Engineer,Signimus,3.8,4-9 Yrs,Not disclosed,Kolkata,Python,Full Time
Data Engineer,Imriel Technology Solutions,4.8,2-7 Yrs,Not disclosed,Hyderabad,Python,Full Time
Data Engineer,T-systems Ict India,4,5-6 Yrs,Not disclosed,Pune,Python,Full Time
Data Engineer,Bitwise Solutions,4.2,2-4 Yrs,Not disclosed,Pune,Python,Full Time
Data Engineer,Hiringhood,3.8,1-4 Yrs,Not disclosed,Hyderabad,Python,Full Time
ML Data Engineer ,Infynd,4.6,1-3 Yrs,Not disclosed,Chennai,Machine Learning,Full Time
Specialist Data Engineer,Sixberries,3.8,5-8 Yrs,Not disclosed,Gujarat,SQL,Full Time
Data Engineer,Central Business Solutions,1.7,5-10 Yrs,Not disclosed,Pune,Python,Full Time
ML Data Engineer ,IDP,4,3-6 Yrs,Not disclosed,Chennai,Machine Learning,Full Time
Data Engineer,Algoleap Technologies,4,10-20 Yrs,Not disclosed,Hyderabad,Python,Full Time
Data Engineer,Skidos,3.9,4-6 Yrs,Not disclosed,New Delhi,Python,Full Time
Data Engineer,Colan Infotech,3.9,2-7 Yrs,Not disclosed,Chennai,Python,Full Time
Data Engineer,TRIARQ,3.8,3-8 Yrs,Not disclosed,Mumbai,Python,Full Time
Data Engineer,T-systems Ict India,4,3-8 Yrs,Not disclosed,Pune,Python,Full Time
Data Engineer,Thoughtgenesis,3,7-12 Yrs,Not disclosed,Hyderabad,Python,Full Time
Data Engineer,Fusion Plus Solutions Inc,3.8,7-9 Yrs,Not disclosed,Hyderabad,Python,Full Time
Data Engineer,Mars Telecom Systems,4.2,7-12 Yrs,Not disclosed,Gurgaon,Python,Hybrid
Data Engineer,Indium Software,3.8,4-10 Yrs,Not disclosed,Hyderabad,Python,Full Time
Data Engineer,Indium Software,3.8,3-8 Yrs,Not disclosed,Gurgaon,Python,Full Time
ML Data Engineer ,OneGlobe Systems,3.8,2-7 Yrs,Not disclosed,Chennai,Machine Learning,Full Time
Data Engineering,Kasmo Cloud Solutions,3.6,3-8 Yrs,Not disclosed,Hyderabad,SQL,Full Time
Data Engineer,Diverse Lynx,3.8,1-5 Yrs,Not disclosed,Kolkata,Python,Full Time
Data Scientist,Octillion Power Systems,4,3-8 Yrs,Not disclosed,Kolkata,SQL,Full Time
Data Engineer,Techigai,4,1-4 Yrs,Not disclosed,Hyderabad,Python,Full Time
Data Engineer,Hexaquest Global - India,3.3,2-4 Yrs,Not disclosed,Hyderabad,Python,Full Time
Data Engineer,Amazatic,4,5-6 Yrs,Not disclosed,Pune,Python,Full Time
Google BigQuery Data Engineer,Coditas Technologies,3.1,6-11 Yrs,Not disclosed,Pune,Deep Learning,Full Time
Data Engineer,Clouddesk Technology,4.7,4-9 Yrs,Not disclosed,Chennai,Python,Full Time
Data Engineer,Prevalent Ai India,3.9,4-8 Yrs,Not disclosed,Kolkata,Python,Full Time
Data Scientist,Bilvantis Technologies Llp,3.4,4-5 Yrs,Not disclosed,Hyderabad,SQL,Full Time
Data Engineer,Team4Progress,3.8,8-9 Yrs,Not disclosed,Hyderabad,Python,Full Time
Data Engineer,Gforce Consulting Solutions,4.2,2-5 Yrs,Not disclosed,Kolkata,Python,Full Time
Data Engineer,PETADATA,3.8,5-8 Yrs,Not disclosed,Hyderabad,Python,Full Time
ML Data Engineer ,Tanla Platforms,3.3,3-5 Yrs,Not disclosed,Hyderabad,Machine Learning,Full Time
Data Engineer,Indium Software,3.8,4-8 Yrs,Not disclosed,Hyderabad,Python,Full Time
Data Engineering,Bilvantis Technologies Llp,3.4,4-7 Yrs,Not disclosed,Hyderabad,SQL,Full Time
ML Data Engineer ,Intech Systems,3.9,4-9 Yrs,Not disclosed,Gujarat,Machine Learning,Full Time
ML Data Engineer ,Infynd,4.6,4-5 Yrs,Not disclosed,Chennai,Machine Learning,Full Time
 Big Data Engineer ,WSNE Consulting,3.8,4-8 Yrs,11-18 Lacs PA,Hyderabad,TensorFlow,Full Time
Data Engineer,Intone Networks,4.2,4-8 Yrs,Not disclosed,Gurgaon,Python,Hybrid
Data Engineer,Unison Consulting Pte Ltd,3.9,3-6 Yrs,Not disclosed,Hyderabad,Python,Full Time
Data Engineer,Diverse Lynx,3.8,2-6 Yrs,Not disclosed,Gujarat,Python,Full Time
AI Data Engineer,Skillety,3.8,3-5 Yrs,Not disclosed,Pune,Machine Learning,Full Time
Data Engineer,Skillety,3.8,3-5 Yrs,Not disclosed,Hyderabad,Python,Full Time
Data Engineer,Shyftlabs,3.8,3-4 Yrs,Not disclosed,Gurgaon,Python,Full Time
Data Engineer,Sumtotal Systems,3.9,1-6 Yrs,Not disclosed,Hyderabad,Python,Full Time
Data Engineer,Sanofi,4.4,7-12 Yrs,Not disclosed,Hyderabad,Python,Full Time
Junior Data Engineer,Ixie Gaming,4.2,3-8 Yrs,Not disclosed,Chennai,Deep Learning,Full Time
Data Engineer,Ixie Gaming,4.2,3-8 Yrs,Not disclosed,Gurgaon,Python,Full Time
AI Data Engineer,Speriti Solutions,2.6,2-5 Yrs,Not disclosed,Hyderabad,Machine Learning,Full Time
Data Engineer,Study Group,3.7,5-8 Yrs,12-14 Lacs PA,Gurgaon,Python,Hybrid
Data Engineer,Burns & Mcdonnell,4.5,8-13 Yrs,Not disclosed,Mumbai,Python,Full Time
Data Engineer,Diverse Lynx,3.8,1-5 Yrs,Not disclosed,Pune,Python,Full Time
Data Engineer,Diverse Lynx,3.8,1-5 Yrs,Not disclosed,Pune,Python,Full Time
Data Engineer,Diverse Lynx,3.8,1-5 Yrs,Not disclosed,Kolkata,Python,Full Time
Data Engineer,Diverse Lynx,3.8,1-5 Yrs,Not disclosed,Noida,Python,Full Time
Data Engineer,Diverse Lynx,3.8,1-5 Yrs,Not disclosed,Pune,Python,Full Time
Data Engineer,Aunalytics,3,3-5 Yrs,Not disclosed,Mumbai,Python,Full Time
Data engineer,Xpheno,3.8,3-5 Yrs,Not disclosed,Pune,Python,Full Time
Technical Lead - Data Engineering,Peoplefy Infosolutions,3.8,3-8 Yrs,Not disclosed,Gurgaon,SQL,Hybrid
Data Engineer,Fusion Plus Solutions Inc,3.8,2-4 Yrs,Not disclosed,Hyderabad,Python,Full Time
Data Engineer,Mm Staffing & Career Consultants,3.8,5-10 Yrs,Not disclosed,Pune,Python,Full Time
Data Science Engineering,DAZN,2.7,3-4 Yrs,Not disclosed,Hyderabad,SQL,Full Time
Technical Lead - Data Engineering,Product Based MNC,3.8,3-8 Yrs,Not disclosed,Gurgaon,SQL,Hybrid
Data Engineering,"Softility Inc.,",2.8,1-6 Yrs,Not disclosed,Hyderabad,SQL,Full Time
Data Engineer,Ignitho,4.1,5-10 Yrs,Not disclosed,Chennai,Python,Full Time
Data Engineer,C1X,3.8,2-7 Yrs,Not disclosed,Chennai,Python,Full Time
Data Engineer,Energy Aspects,3.8,2-4 Yrs,Not disclosed,Kolkata,Python,Full Time
Data Engineer,Climate Connect,4.2,1-4 Yrs,Not disclosed,Pune,Python,Full Time
Data Engineer,Torcai Digital Media,3,1-4 Yrs,Not disclosed,New Delhi,Python,Full Time
Data Engineer,Ahead,5,5-7 Yrs,Not disclosed,Gurgaon,Python,Full Time
Data Engineer,PETADATA,3.8,5-8 Yrs,Not disclosed,Hyderabad,Python,Full Time
Data Engineer,Augusta Hitech Soft Solutions,3.7,4-8 Yrs,Not disclosed,Chennai,Python,Full Time
Data Engineer,Augusta Hitech Soft Solutions,3.7,5-8 Yrs,Not disclosed,Chennai,Python,Full Time
Data Engineer,Energy Aspects,3.8,3-4 Yrs,Not disclosed,Kolkata,Python,Full Time
Data Engineer,Dimension Data,4.2,2-5 Yrs,Not disclosed,Chennai,Python,Full Time
ML Data Engineer ,FlexTrade,3.5,2-4 Yrs,Not disclosed,Pune,Machine Learning,Full Time
Data Engineer,Coders Brain Pvt Ltd,3.9,5-8 Yrs,Not disclosed,Hyderabad,Python,Full Time
Data Science Engineering,Coders Brain Pvt Ltd,3.9,5-8 Yrs,Not disclosed,Hyderabad,SQL,Full Time
Data Engineer,Longbow Games,3.8,2-7 Yrs,Not disclosed,Mumbai,Python,Full Time
Data Engineer,Saarthee,3,3-8 Yrs,Not disclosed,Gurgaon,Python,Full Time
Hadoop Data Engineer,Diverse Lynx,3.8,2-6 Yrs,Not disclosed,Gujarat,Deep Learning,Full Time
Data Engineer,Upsteer,3.8,2-4 Yrs,Not disclosed,Hyderabad,Python,Full Time
Data Engineer,Gist Advisory,1.9,5-7 Yrs,Not disclosed,New Delhi,Python,Full Time
Data Engineer,Melvault Software Solutions,4.2,4-7 Yrs,Not disclosed,Hyderabad,Python,Full Time
Data Engineer,IDP,4,3-5 Yrs,Not disclosed,Chennai,Python,Full Time
Data Engineer,Alphagrep Securities,3,1-4 Yrs,Not disclosed,Mumbai,Python,Full Time
Data Engineer,Diverse Lynx,3.8,1-5 Yrs,Not disclosed,Gurgaon,Python,Full Time
Data Engineer,Codevian Technologies,4.6,5-10 Yrs,Not disclosed,Pune,Python,Full Time
Data Engineering,Diverse Lynx,3.8,1-5 Yrs,Not disclosed,Hyderabad,SQL,Full Time
Data Engineer,Numadic Iot,1.8,1-3 Yrs,Not disclosed,Noida,Python,Full Time
Data Engineer,Vuedata Technologies Private,4.1,3-5 Yrs,Not disclosed,Chennai,Python,Full Time
Data Engineer,Cybersapient,1.8,3-6 Yrs,Not disclosed,Hyderabad,Python,Full Time
Data Engineer,Hanu Consultancy Services,3.8,3-4 Yrs,Not disclosed,Noida,Python,Full Time
Data Engineer,KPI Partners,3.4,3-10 Yrs,Not disclosed,Pune,Python,Full Time
Data Engineer,KPI Partners,3.4,5-8 Yrs,Not disclosed,Pune,Python,Full Time
Data Engineer,Times World Information Technology,3.8,1-4 Yrs,Not disclosed,Kolkata,Python,Full Time
DATA Engineer,MOL Information Technology India Pvt Ltd,4.1,6-8 Yrs,Not disclosed,Kolkata,Python,Full Time
Data Engineer,Inferenz Tech,4.1,2-4 Yrs,Not disclosed,Gujarat,Python,Full Time
Lead BI Analyst ,Fusion Plus Solutions Inc,3.8,5-7 Yrs,Not disclosed,Hyderabad,Deep Learning,Full Time
ML Data Engineer ,Fusion Plus Solutions Inc,3.8,1-5 Yrs,Not disclosed,Hyderabad,Machine Learning,Full Time
Data Engineer,Fusion Plus Solutions Inc,3.8,5-9 Yrs,Not disclosed,Hyderabad,Python,Full Time
Data Engineer,Fusion Plus Solutions Inc,3.8,8-10 Yrs,Not disclosed,Hyderabad,Python,Full Time
Data Engineer,Fusion Plus Solutions Inc,3.8,7-10 Yrs,Not disclosed,Hyderabad,Python,Full Time
Data Engineer,Fusion Plus Solutions Inc,3.8,2-4 Yrs,Not disclosed,Hyderabad,Python,Full Time
Data Engineer,Fusion Plus Solutions Inc,3.8,8-12 Yrs,Not disclosed,Hyderabad,Python,Full Time
Data Engineer,Fusion Plus Solutions Inc,3.8,2-4 Yrs,Not disclosed,Hyderabad,Python,Full Time
Data Engineer,Fusion Plus Solutions Inc,3.8,2-4 Yrs,Not disclosed,Hyderabad,Python,Full Time
Data Engineer,Fusion Plus Solutions Inc,3.8,4-8 Yrs,Not disclosed,Hyderabad,Python,Full Time
Data Engineer,NMD,5,2-7 Yrs,Not disclosed,Gurgaon,Python,Full Time
Data Engineer,Diverse Lynx,3.8,1-5 Yrs,Not disclosed,Noida,Python,Full Time
Data Engineer,Xfusion Technologies,3.8,5-10 Yrs,Not disclosed,Kolkata,Python,Full Time
Technical Lead - Data Engineering,Revenuemantra Digital Media,3.8,1-5 Yrs,Not disclosed,Hyderabad,SQL,Full Time
Technical Lead - Data Engineering,Ak Systems,3,1-5 Yrs,Not disclosed,Hyderabad,SQL,Full Time
Data Engineer,Physicswallah,4,5-7 Yrs,Not disclosed,Noida,Python,Full Time
Data Engineer,Coders Brain Pvt Ltd,3.9,5-8 Yrs,Not disclosed,Hyderabad,Python,Full Time
Data Engineer Lead,Coders Brain Pvt Ltd,3.9,1-12 Yrs,Not disclosed,Pune,SQL,Full Time
Data Engineer,Coders Brain Pvt Ltd,3.9,5-12 Yrs,Not disclosed,Gujarat,Python,Full Time
Data Engineer,Coders Brain Pvt Ltd,3.9,3-6 Yrs,Not disclosed,Pune,Python,Full Time
Data Engineer,Coders Brain Pvt Ltd,3.9,3-8 Yrs,Not disclosed,Pune,Python,Full Time
Data Engineer,Ispeck Digital Solutions,4,2-3 Yrs,Not disclosed,Kolkata,Python,Full Time
Data Engineer,Coders Brain Pvt Ltd,3.9,2-4 Yrs,Not disclosed,Pune,Python,Full Time
ML Data Engineer ,Slash,3.8,2-5 Yrs,Not disclosed,Kolkata,Machine Learning,Full Time
Data Engineer,Saven Technologies,3.5,3-8 Yrs,Not disclosed,Hyderabad,Python,Full Time
Data engineer,Intuitive Apps,5,3-7 Yrs,Not disclosed,Gurgaon,Python,Full Time
Data Engineer,IB Services &amp;amp; Technologies,4,1-4 Yrs,Not disclosed,Mumbai,Python,Full Time
Data Engineer,Thoughtgenesis,3,1-5 Yrs,Not disclosed,Hyderabad,Python,Full Time
Data Engineer,Cleverinsight,3.8,1-4 Yrs,Not disclosed,Hyderabad,Python,Full Time
Data Engineer,Shvintech India,4.5,5-9 Yrs,Not disclosed,Hyderabad,Python,Full Time
Data Engineer,GE Appliances,3.9,3-6 Yrs,Not disclosed,Hyderabad,Python,Full Time
Data Engineer,ION,3.7,4-7 Yrs,Not disclosed,Noida,Python,Full Time
Data Engineer,Entytle,4.4,1-2 Yrs,Not disclosed,Pune,Python,Full Time
ML Data Engineer ,Agilisium,3.5,1-3 Yrs,Not disclosed,Hyderabad,Machine Learning,Full Time
AI Data Engineer,Oneture Technologies,4.5,1-3 Yrs,Not disclosed,Mumbai,Machine Learning,Full Time
Data Engineer,Gforce Consulting Solutions,4.2,2-5 Yrs,Not disclosed,Kolkata,Python,Full Time
Data Engineer,Nisum Technologies,3.5,7-10 Yrs,Not disclosed,Hyderabad,Python,Full Time
Data Engineer,Diverse Lynx,3.8,1-5 Yrs,Not disclosed,Chennai,Python,Full Time
Data Engineer,HyreFox Consultants Pvt Ltd,4,3-8 Yrs,Not disclosed,Kolkata,Python,Full Time
Data Engineer,P S International HR Consultants,4.6,4-7 Yrs,Not disclosed,Mumbai,Python,Full Time
Data Engineer,Squalas,3.8,4-6 Yrs,Not disclosed,Hyderabad,Python,Full Time
ML Data Engineer ,Trackmind Systems,3.8,2-5 Yrs,Not disclosed,Gurgaon,Machine Learning,Full Time
Data Engineer,Skillety,3.8,5-9 Yrs,Not disclosed,Hyderabad,Python,Full Time
Data Engineer,Capleo Global,3.8,3-5 Yrs,Not disclosed,Hyderabad,Python,Full Time
Data Engineer,Black Basil Technologies,3.8,4-8 Yrs,Not disclosed,Noida,Python,Full Time
Data engineer,Diverse Lynx,3.8,1-5 Yrs,Not disclosed,Chennai,Python,Full Time
Data Engineer,Valueonshore,4.4,5-7 Yrs,Not disclosed,Gurgaon,Python,Full Time
Data Engineering,Diverse Lynx,3.8,1-5 Yrs,Not disclosed,Kolkata,SQL,Full Time
Data Engineer,Xpheno,3.8,5-8 Yrs,Not disclosed,Pune,Python,Full Time
Data Science Engineering,Mr Cooper,4.2,2-6 Yrs,Not disclosed,Chennai,SQL,Full Time
Data Engineer,Prudential Biotech,4.4,5-10 Yrs,Not disclosed,New Delhi,Python,Full Time
Data Engineer,Gentrack Software,3.8,5-10 Yrs,Not disclosed,Pune,Python,Full Time
Data Science Engineering,Xome,4.2,2-5 Yrs,Not disclosed,Chennai,SQL,Full Time
Data Engineering,Mycitynagpur,3.8,2-6 Yrs,Not disclosed,Mumbai,SQL,Full Time
DATA ENGINEER,Trueledge Hr And Accounting Services,3.8,6-11 Yrs,Not disclosed,Chennai,Python,Full Time
Data Architect ,HyreFox Consultants Pvt Ltd,3.8,3-7 Yrs,Not disclosed,New Delhi,Data Analytics,Full Time
Data Engineer,Intuitive Apps,5,6-8 Yrs,Not disclosed,Gurgaon,Python,Full Time
Data Engineer,Netxcell,3.5,3-8 Yrs,Not disclosed,Hyderabad,Python,Full Time
Data Engineer,Xpetize,4.2,5-10 Yrs,Not disclosed,Hyderabad,Python,Full Time
Data Engineer,Lentra Ai,3,2-7 Yrs,Not disclosed,Pune,Python,Full Time
Data Engineer,Diverse Lynx,3.8,10-15 Yrs,Not disclosed,Chennai,Python,Full Time
Data Engineer,Coders Brain Pvt Ltd,3.9,2-6 Yrs,Not disclosed,Chennai,Python,Full Time
Data Engineer,Quicket Solutions,2.2,2-4 Yrs,Not disclosed,Gurgaon,Python,Full Time
Data Engineer,CD Cloudenablers,3.8,4-9 Yrs,Not disclosed,Chennai,Python,Full Time
Data Engineer,CoreStack,3.8,4-9 Yrs,Not disclosed,Chennai,Python,Full Time
Data Engineer,Blackmores Group,3.8,5-7 Yrs,Not disclosed,New Delhi,Python,Full Time
Data Engineer,Actio Tech,3.8,4-9 Yrs,Not disclosed,Kolkata,Python,Full Time
ML Data Engineer ,Knorex,4.1,3-6 Yrs,Not disclosed,Pune,Machine Learning,Full Time
Data Engineer,Sequence Technologies,3.8,5-10 Yrs,Not disclosed,Gurgaon,Python,Full Time
Data Engineer,Tanla Platforms,3.3,5-10 Yrs,Not disclosed,Hyderabad,Python,Full Time
Data Engineer,Petrus Technologies,3.8,3-8 Yrs,Not disclosed,Chennai,Python,Full Time
Azure Data Engineer,Euclid Innovations,4,4-6 Yrs,Not disclosed,Gurgaon,TensorFlow,Hybrid
Big Data Engineer,On Demand Agility Software,3.5,5-10 Yrs,Not disclosed,Bangalore,TensorFlow,Full Time
Manager - Data Engineer,Publicis Resources,3.6,8-12 Yrs,Not disclosed,Bangalore,Management,Full Time
Manager - Data Engineer,Publicis Resources,3.6,8-12 Yrs,Not disclosed,Bangalore,Management,Full Time
Big Data Engineer,Impetus Technologies,3.7,6-9 Yrs,Not disclosed,Gurgaon,TensorFlow,Full Time
Big Data Engineer,Altimetrik,3.9,3-7 Yrs,Not disclosed,Gurgaon,TensorFlow,Hybrid
Big Data Engineer,Altimetrik,3.9,3-7 Yrs,Not disclosed,Gurgaon,TensorFlow,Hybrid
Big Data Engineer,Altimetrik,3.9,3-7 Yrs,Not disclosed,Gurgaon,TensorFlow,Hybrid
Big Data Engineer,Altimetrik,3.9,4-8 Yrs,Not disclosed,Hyderabad,TensorFlow,Full Time
Big Data Engineer,GSPANN,4,4-10 Yrs,Not disclosed,Bangalore,TensorFlow,Full Time
Big Data Engineer,Mm Staffing & Career Consultants,3.8,7-12 Yrs,Not disclosed,Bangalore,TensorFlow,Full Time
Senior Data Engineer,Atyeti,3.7,5-10 Yrs,Not disclosed,Gurgaon,Data Analytics,Hybrid
Junior Data Engineer,Western Digital,3.9,11-14 Yrs,Not disclosed,Bangalore,Deep Learning,Full Time
Junior Data Engineer,Western Digital,3.9,11-14 Yrs,Not disclosed,Bangalore,Deep Learning,Full Time
Senior Data Engineer,IG Group,3.9,3-7 Yrs,Not disclosed,Bangalore,Data Analytics,Full Time
Senior Data Engineer,IG Group,3.9,3-6 Yrs,Not disclosed,Bangalore,Data Analytics,Full Time
Senior Data Engineer,Tech Mahindra,3.7,7-12 Yrs,Not disclosed,Noida,Data Analytics,Full Time
Senior Data Engineer,Philips,3.9,7-9 Yrs,Not disclosed,Chennai,Data Analytics,Full Time
Junior Data Engineer,Notified Dm India,3.9,5-10 Yrs,Not disclosed,Bangalore,Deep Learning,Full Time
Senior Data Engineer,Poppulo,3.8,5-7 Yrs,Not disclosed,Bangalore,Data Analytics,Full Time
Senior Software Engineer ,Deutsche Bank,4.1,8-10 Yrs,Not disclosed,Pune,Data Analytics,Full Time
Senior Software Engineer ,Srijan,4.1,4-8 Yrs,Not disclosed,New Delhi,Data Analytics,Full Time
Senior Big Data Engineer,IRI,3.9,4-9 Yrs,Not disclosed,Pune,Data Analytics,Full Time
Junior Data Engineer,Inndata Analytics,5,5-6 Yrs,Not disclosed,Hyderabad,Deep Learning,Full Time
AI Data Engineer,Paytm,3.4,8-11 Yrs,Not disclosed,Noida,Machine Learning,Full Time
Junior Data Engineer,Daya Consultancy Services,3.8,4-7 Yrs,Not disclosed,Hyderabad,Deep Learning,Full Time
Data Engineering,Telstra,4.2,8-15 Yrs,Not disclosed,Pune,SQL,Full Time
Manager - Data Engineer,Thermo Fisher Scientific,4.1,6-9 Yrs,Not disclosed,Bangalore,Management,Full Time
Azure Data Engineer,Tata Consultancy Services (TCS),3.8,6-8 Yrs,Not disclosed,Kolkata,TensorFlow,Full Time
Power Programmer,IBM,4.1,3-6 Yrs,Not disclosed,Bangalore,Data Analytics,Full Time
 Big Data Engineer ,Genpact,3.9,6-11 Yrs,Not disclosed,Bangalore,TensorFlow,Hybrid
 Big Data Engineer ,Genpact,3.9,6-11 Yrs,Not disclosed,Bangalore,TensorFlow,Hybrid
Google Cloud Data Engineer,Tata Consultancy Services (TCS),3.8,4-6 Yrs,Not disclosed,Bangalore,Deep Learning,Full Time
Manager - Data Engineer,PwC,3.6,9-12 Yrs,Not disclosed,Bangalore,Management,Full Time
SQL Data Engineers,Tech Mahindra,3.7,7-12 Yrs,Not disclosed,Mumbai,SQL,Full Time
Data Engineer Advisor,Walmart,4,4-7 Yrs,Not disclosed,Bangalore,SQL,Full Time
Power Programmer,IBM,4.1,2-7 Yrs,Not disclosed,Bangalore,Data Analytics,Full Time
Associate Data Engineer ,Themathcompany,2.7,2-4 Yrs,Not disclosed,Bangalore,Data Analytics,Hybrid
Azure Data Engineer,Tata Consultancy Services (TCS),3.8,6-10 Yrs,Not disclosed,Hyderabad,TensorFlow,Full Time
Business Intelligence,IBM,4.1,2-5 Yrs,Not disclosed,Bangalore,TensorFlow,Full Time
 Big Data Engineer ,PwC,3.6,3-8 Yrs,Not disclosed,Bangalore,TensorFlow,Full Time
Business Intelligence,IBM,4.1,3-6 Yrs,Not disclosed,Bangalore,TensorFlow,Full Time
Power Programmer,Infosys,3.9,1-3 Yrs,Not disclosed,Bangalore,Data Analytics,Full Time
Data Engineer Advisor,Walmart,4,2-6 Yrs,Not disclosed,Bangalore,SQL,Full Time
AWS Data Engineer,Infosys,3.9,2-5 Yrs,Not disclosed,Bangalore,TensorFlow,Full Time
AWS Data Engineer,Infosys,3.9,5-8 Yrs,Not disclosed,Bangalore,TensorFlow,Full Time
AWS Data Engineer,Infosys,3.9,3-6 Yrs,Not disclosed,Bangalore,TensorFlow,Full Time
Principal Data Engineer,Visa Inc,4.2,12-20 Yrs,Not disclosed,Bangalore,Management,Full Time
Data Engineer Advisor,Novo Nordisk,4.1,5-10 Yrs,Not disclosed,Bangalore,SQL,Hybrid
Data Engineer,Softobiz Technologies Private Limited,3.8,5-10 Yrs,16-30 Lacs PA,Hyderabad,Python,Full Time
Gcp Data Engineer,Tata Consultancy Services (TCS),3.8,4-6 Yrs,Not disclosed,Bangalore,Deep Learning,Full Time
Data Scientist,Volvo Financial Services,4.4,7-10 Yrs,Not disclosed,Bangalore,SQL,Full Time
Data Engineer,Bsri Solutions,3.8,3-8 Yrs,8-18 Lacs PA,Chennai,Python,Full Time
Data Engineer,Lagozon Technologies,3.6,1-2 Yrs,1.5-4.25 Lacs PA,New Delhi,Python,Full Time
Data Model Engineer,Siemens,4.2,2-7 Yrs,Not disclosed,Bangalore,SQL,Full Time
Data Engineer Advisor,Skidos,3.8,4-8 Yrs,5-12 Lacs PA,New Delhi,SQL,Full Time
Data Science Engineering,Factana,3.8,0-1 Yrs,Not disclosed,Chennai,SQL,Full Time
Big Data Engineer,Techsist Solution,3,5-9 Yrs,Not disclosed,Kolkata,TensorFlow,Full Time
Big Data Engineer,Ceresight,3.8,3-8 Yrs,Not disclosed,Kolkata,TensorFlow,Full Time
Big Data Engineer,Coders Brain Pvt Ltd,3.9,2-6 Yrs,Not disclosed,Kolkata,TensorFlow,Full Time
Big Data Engineer,Tookitaki,2.7,1-3 Yrs,Not disclosed,Bangalore,TensorFlow,Full Time
Big Data Engineer,Aphthartos Technologies,3.8,4-7 Yrs,Not disclosed,Hyderabad,TensorFlow,Full Time
Technical Lead - Data Engineering,Citiustech,3.5,5-10 Yrs,Not disclosed,Mumbai,SQL,Full Time
Azure Data Engineer,Onward Technologies,3.3,4-9 Yrs,Not disclosed,Bangalore,TensorFlow,Full Time
Big Data Engineer,ERM Placement Services (p) Ltd.,3.8,4-7 Yrs,12-19 Lacs PA,Bangalore,TensorFlow,Hybrid
Big Data Engineer,BDB.AI,3.8,5-10 Yrs,Not disclosed,Hyderabad,TensorFlow,Full Time
Big Data Engineer,Tech Highbrows Software Solutions,3.8,4-8 Yrs,Not disclosed,Bangalore,TensorFlow,Full Time
Fullstack Data Engineer,Altimetrik,3.9,6-10 Yrs,Not disclosed,Bangalore,SQL,Full Time
Big Data Engineer,Coders Brain Pvt Ltd,3.9,7-8 Yrs,Not disclosed,Bangalore,TensorFlow,Full Time
Big Data Engineer,A Reputed MNC,3.8,4-8 Yrs,10-20 Lacs PA,Bangalore,TensorFlow,Hybrid
Big Data Engineer,Xebia It Architects,3.5,4-6 Yrs,Not disclosed,Bangalore,TensorFlow,Full Time
Big Data Engineer,Vuca Consulting,3.8,6-10 Yrs,10-20 Lacs PA,Bangalore,TensorFlow,Full Time
Lead Data Engineer,Paytm,3.4,5-10 Yrs,Not disclosed,Kolkata,Management,Remote
Lead Data Engineer,Visa Inc,4.2,10-20 Yrs,Not disclosed,Bangalore,Management,Full Time
Big Data Engineer,Coders Brain Pvt Ltd,3.9,8-9 Yrs,Not disclosed,Bangalore,TensorFlow,Full Time
Data Engineer Advisor,Symphoni HR,3.8,4-9 Yrs,14-24 Lacs PA,Kolkata,SQL,Remote
Big Data Engineer,Coders Brain Pvt Ltd,3.9,2-6 Yrs,Not disclosed,Bangalore,TensorFlow,Full Time
Business Intelligence,Triangle Global,3.8,8-13 Yrs,Not disclosed,Bangalore,TensorFlow,Full Time
Big Data Engineer,Xpheno,3.8,3-6 Yrs,Not disclosed,Bangalore,TensorFlow,Full Time
Big Data Engineer,Skillety,3.8,2-5 Yrs,Not disclosed,Bangalore,TensorFlow,Full Time
Big Data Engineer,Zone IT,3,2-6 Yrs,Not disclosed,Bangalore,TensorFlow,Full Time
Big Data Engineer,Cotocus Com,3.8,6-11 Yrs,Not disclosed,Bangalore,TensorFlow,Full Time
Big Data Engineer,Coders Brain Pvt Ltd,3.9,5-8 Yrs,Not disclosed,Bangalore,TensorFlow,Full Time
Data Engineer Advisor,Coders Brain Pvt Ltd,3.9,5-8 Yrs,Not disclosed,Bangalore,SQL,Full Time
Data Engineering,Paytm,3.4,6-7 Yrs,Not disclosed,Bangalore,SQL,Full Time
Lead Data Engineer,Hoffmann-La Roche,3.8,12-14 Yrs,Not disclosed,Pune,Management,Full Time
Lead Data Engineer,Siemens,4.2,8-13 Yrs,Not disclosed,Bangalore,Management,Full Time
Senior Data Engineer,Connectwise,3.9,4-8 Yrs,Not disclosed,Mumbai,Data Analytics,Full Time
Senior Data Engineer,Myntra,4,2-4 Yrs,Not disclosed,Bangalore,Data Analytics,Hybrid
Senior Data Engineer,Luxoft,4,6-11 Yrs,Not disclosed,Bangalore,Data Analytics,Full Time
Senior Data Engineer,Tiger Analytics,3.5,7-12 Yrs,Not disclosed,Hyderabad,Data Analytics,Full Time
Senior Data Engineer,Mastek,3.6,5-7 Yrs,Not disclosed,Bangalore,Data Analytics,Full Time
AWS Data Engineer,Tiger Analytics,3.5,6-8 Yrs,Not disclosed,Bangalore,TensorFlow,Hybrid
Senior Data Engineer,Bajaj Finserv Ltd.,3.6,4-6 Yrs,Not disclosed,Pune,Data Analytics,Full Time
Senior Data Engineer,fifthnote,4.2,4-9 Yrs,Not disclosed,Bangalore,Data Analytics,Full Time
Senior Data Engineer,Sony,4.3,3-5 Yrs,Not disclosed,Bangalore,Data Analytics,Full Time
Jr Data Engineer,Kloud9,3.9,3-8 Yrs,20-35 Lacs PA,Bangalore,Deep Learning,Hybrid
Senior Data Engineer,Talentfleet Solutions,3.8,4-6 Yrs,Not disclosed,Bangalore,Data Analytics,Full Time
Senior Data Engineer,Ford,4.4,6-11 Yrs,Not disclosed,Bangalore,Data Analytics,Hybrid
Junior Data Engineer,2coms,3.6,5-10 Yrs,Not disclosed,Hyderabad,Deep Learning,Full Time
Junior Data Engineer,Akshaya Business It Solutions,3.8,4-7 Yrs,Not disclosed,Bangalore,Deep Learning,Full Time
Junior Data Engineer,2coms,3.6,5-10 Yrs,Not disclosed,Hyderabad,Deep Learning,Full Time
Senior Data Engineer,Smartedge It Services,3.8,6-11 Yrs,8.5-18.5 Lacs PA,Bangalore,Data Analytics,Full Time
Senior Data Engineer,Bajaj Finserv Ltd.,3.6,3-6 Yrs,Not disclosed,Pune,Data Analytics,Full Time
Senior Data Engineer,Orange Business Services,4.3,3-5 Yrs,Not disclosed,Gurgaon,Data Analytics,Full Time
Senior Data Engineer,Olam International,3.7,3-7 Yrs,Not disclosed,Chennai,Data Analytics,Full Time
Senior Data Engineer,UKG,3.7,5-7 Yrs,Not disclosed,Noida,Data Analytics,Full Time
Senior Software Engineer ,CGI,4.1,6-8 Yrs,Not disclosed,Chennai,Data Analytics,Full Time
Junior Data Engineer,Adidas,3.9,7-12 Yrs,Not disclosed,Gurgaon,Deep Learning,Full Time
Technical Lead - Data Engineering,Mazars,3.3,5-8 Yrs,Not disclosed,Bangalore,SQL,Hybrid
Senior Data Engineer,Tiger Analytics,3.5,1-4 Yrs,Not disclosed,Hyderabad,Data Analytics,Full Time
Senior Data Engineer,Adidas,3.9,10-15 Yrs,Not disclosed,Gurgaon,Data Analytics,Full Time
Senior Data Engineer,Adidas,3.9,7-10 Yrs,Not disclosed,Gurgaon,Data Analytics,Full Time
Senior Data Engineer,Yatra.com,3.7,4-8 Yrs,Not disclosed,New Delhi,Data Analytics,Full Time
Senior Manager - Data Engineer,Hoffmann-La Roche,3.8,5-6 Yrs,Not disclosed,Hyderabad,Management,Full Time
Senior Manager - Data Engineer,Medtronic,4,8-9 Yrs,Not disclosed,Hyderabad,Management,Full Time
Senior Manager - Data Engineer,Bain Company India Pvt. Ltd.,3.8,5-7 Yrs,Not disclosed,New Delhi,Management,Full Time
ML Data Engineer ,Photon,4.1,3-7 Yrs,Not disclosed,Hyderabad,Machine Learning,Full Time
Power Programmer,Infosys,3.9,3-8 Yrs,Not disclosed,Chennai,Data Analytics,Hybrid
Azure Data Engineer,Fractal Analytics,4,2-6 Yrs,Not disclosed,Gurgaon,TensorFlow,Full Time
Gcp Data Engineer,NTT DATA INFORMATION PROCESSING SERVICES,4,6-10 Yrs,Not disclosed,Chennai,Deep Learning,Hybrid
Jr Data Engineer,Siemens,4.2,2-5 Yrs,Not disclosed,Bangalore,Deep Learning,Full Time
Azure Data Engineer,CGI,4.1,4-10 Yrs,Not disclosed,Bangalore,TensorFlow,Full Time
Data Architect ,Amadeus,4.1,5-8 Yrs,Not disclosed,Bangalore,Data Analytics,Full Time
Data Engineer Lead,Altimetrik,3.9,5-10 Yrs,Not disclosed,Hyderabad,SQL,Hybrid
Business Intelligence,IBM,4.1,3-5 Yrs,Not disclosed,Bangalore,TensorFlow,Full Time
Data Engineer Advisor,Walmart,4,3-7 Yrs,Not disclosed,Bangalore,SQL,Full Time
Data Engineering,Boston Consulting Group,3.7,10-13 Yrs,Not disclosed,Bangalore,SQL,Full Time
Associate Data Engineer,DXC Technology,3.8,4-8 Yrs,Not disclosed,Bangalore,Data Analytics,Full Time
AWS Data Engineer,Randstad,3.8,7-12 Yrs,11-15 Lacs PA,Chennai,TensorFlow,Full Time
Technical Lead - Data Engineering,Tata Consultancy Services (TCS),3.8,5-10 Yrs,Not disclosed,Hyderabad,SQL,Full Time
Business Intelligence,IBM,4.1,2-6 Yrs,Not disclosed,Bangalore,TensorFlow,Full Time
Technical Lead - Data Engineering,Xoriant,3.9,5-8 Yrs,Not disclosed,Chennai,SQL,Hybrid
Data Architect ,Amadeus,4.1,4-7 Yrs,Not disclosed,Bangalore,Data Analytics,Full Time
Technical Lead - Data Engineering,Siemens,4.2,4-9 Yrs,Not disclosed,Bangalore,SQL,Full Time
Business Intelligence,IBM,4.1,3-8 Yrs,Not disclosed,Bangalore,TensorFlow,Full Time
Data Engineering,Optum,4,3-8 Yrs,Not disclosed,Bangalore,SQL,Full Time
Data Engineering,Accenture,4,8-10 Yrs,Not disclosed,Bangalore,SQL,Full Time
Data Engineer Advisor,Zeta Inc.,3.4,3-5 Yrs,Not disclosed,Bangalore,SQL,Full Time
Data Engineer Advisor,Dell Technologies,4.1,5-8 Yrs,Not disclosed,Bangalore,SQL,Full Time
AWS Data Engineer,Tata Consultancy Services (TCS),3.8,4-7 Yrs,Not disclosed,Pune,TensorFlow,Full Time
Azure Data Engineer,Randstad,3.8,4-9 Yrs,Not disclosed,Hyderabad,TensorFlow,Full Time
Junior Data Engineer,Walmart,4,3-6 Yrs,Not disclosed,Bangalore,Deep Learning,Full Time
Manager - Data Engineer,PwC,3.6,9-12 Yrs,Not disclosed,Bangalore,Management,Full Time
Manager - Data Engineer,Puma,4.3,5-9 Yrs,Not disclosed,Bangalore,Management,Full Time
Business Intelligence,IBM,4.1,2-7 Yrs,Not disclosed,Bangalore,TensorFlow,Full Time
Azure Data Engineer,Info Origin,4.2,8-10 Yrs,Not disclosed,Bangalore,TensorFlow,Full Time
Azure Data Engineer,Siemens,4.2,5-7 Yrs,Not disclosed,Bangalore,TensorFlow,Full Time
Data Engineer Advisor,Philips,3.9,6-8 Yrs,Not disclosed,Bangalore,SQL,Full Time
Business Intelligence,IBM,4.1,6-10 Yrs,Not disclosed,Bangalore,TensorFlow,Full Time
Business Intelligence,IBM,4.1,2-5 Yrs,Not disclosed,Bangalore,TensorFlow,Full Time
Junior Data Engineer,Visa Inc,4.2,7-8 Yrs,Not disclosed,Bangalore,Deep Learning,Full Time
Jr Data Engineer,HCLTech,3.7,4-8 Yrs,7.5-17 Lacs PA,Chennai,Deep Learning,Full Time
Gcp Data Engineer,Deutsche Bank,4.1,10-20 Yrs,Not disclosed,Bangalore,Deep Learning,Full Time
Senior Software Engineer ,Siemens,4.2,2-6 Yrs,Not disclosed,Bangalore,Data Analytics,Full Time
Data Architect ,Kraft Heinz India,4.5,4-9 Yrs,Not disclosed,Gujarat,Data Analytics,Full Time
Business Intelligence,IBM,4.1,2-5 Yrs,Not disclosed,Pune,TensorFlow,Full Time
Business Intelligence,IBM,4.1,2-5 Yrs,Not disclosed,Pune,TensorFlow,Full Time
Associate Data Engineer,General Mills,4.2,1-3 Yrs,Not disclosed,Mumbai,Data Analytics,Full Time
Lead Data Engineer,KPMG Global Services Private Limited,3.7,2-6 Yrs,Not disclosed,Bangalore,Management,Full Time
Lead Data Engineer,KPMG Global Services Private Limited,3.7,3-7 Yrs,Not disclosed,Bangalore,Management,Full Time
ML Data Engineer ,Sun Life,4.3,7-12 Yrs,Not disclosed,Gurgaon,Machine Learning,Full Time
Azure Data Engineer,Creative Synergies,3.8,5-10 Yrs,Not disclosed,Bangalore,TensorFlow,Full Time
AWS Data Engineer,Fractal Analytics,4,4-14 Yrs,Not disclosed,Bangalore,TensorFlow,Full Time
Data Engineering,Motivity Labs,3.7,10-20 Yrs,20-35 Lacs PA,Hyderabad,SQL,Full Time
Manager - Data Engineer,PwC,3.6,2-5 Yrs,Not disclosed,Bangalore,Management,Full Time
Python Data Engineer,Hitachi Energy,4.1,2-8 Yrs,Not disclosed,Bangalore,Data Analytics,Full Time
Business Intelligence,IBM,4.1,2-5 Yrs,Not disclosed,Mumbai,TensorFlow,Full Time
Business Intelligence,IBM,4.1,2-5 Yrs,Not disclosed,Pune,TensorFlow,Full Time
Associate Data Engineer,Deutsche Bank,4.1,5-8 Yrs,Not disclosed,Chennai,Data Analytics,Hybrid
Data Engineering,Bonbloc Technologies,3.6,6-11 Yrs,Not disclosed,Hyderabad,SQL,Full Time
Azure Data Engineer,Metlife,4.3,1-5 Yrs,Not disclosed,Hyderabad,TensorFlow,Full Time
Azure Data Engineer,Elfonze Technologies,3.1,4-6 Yrs,Not disclosed,Pune,TensorFlow,Full Time
Big Data Engineer,Lloyds Technology Centre,3.8,5-10 Yrs,Not disclosed,Hyderabad,TensorFlow,Full Time
Data Engineer Lead,Altimetrik,3.9,7-10 Yrs,Not disclosed,Bangalore,SQL,Full Time
Big Data Engineer,American MNC,3.8,5-10 Yrs,Not disclosed,New Delhi,TensorFlow,Full Time
Lead Data Engineer,Renault,4.2,7-8 Yrs,Not disclosed,Chennai,Management,Full Time
Lead Data Engineer,Brillio,3.6,3-7 Yrs,Not disclosed,Bangalore,Management,Full Time
Big Data Engineer,Dunnhumby,4.1,2-3 Yrs,Not disclosed,Gurgaon,TensorFlow,Full Time
Data Engineer Lead,Altimetrik,3.9,6-9 Yrs,Not disclosed,Bangalore,SQL,Full Time
Lead Data Engineer,Altimetrik,3.9,9-14 Yrs,Not disclosed,Chennai,Management,Hybrid
Senior Data Engineer,HashedIn,4.3,3-8 Yrs,Not disclosed,Chennai,Data Analytics,Hybrid
Senior Manager - Data Engineer,The Smart Cube,3.7,10-14 Yrs,Not disclosed,Mumbai,Management,Full Time
Senior Data Engineer,Course5 Intelligence,4,5-10 Yrs,Not disclosed,Chennai,Data Analytics,Hybrid
Junior Data Engineer,Skyworks,5,8-10 Yrs,Not disclosed,Bangalore,Deep Learning,Full Time
Senior Data Engineer,Reed Elsevier,3.9,4-7 Yrs,Not disclosed,Bangalore,Data Analytics,Full Time
Junior Data Engineer,Tribolatech India,3.8,8-13 Yrs,Not disclosed,Kolkata,Deep Learning,Remote
Senior Data Engineer,Indium Software,3.8,5-8 Yrs,15-25 Lacs PA,Hyderabad,Data Analytics,Full Time
 Big Data Engineer ,Vidushi Infotech,2.6,5-10 Yrs,Not disclosed,Bangalore,TensorFlow,Full Time
Senior Data Engineer,Course5 Intelligence,4,5-10 Yrs,Not disclosed,Bangalore,Data Analytics,Full Time
Senior Data Engineer,Elixr Labs Technologies,4.6,6-11 Yrs,Not disclosed,Chennai,Data Analytics,Hybrid
Senior Data Engineer,Gojek,3.7,5-10 Yrs,Not disclosed,Hyderabad,Artificial Intelligence,Full Time
Senior Data Engineer,Dataweave Software,3.5,4-7 Yrs,Not disclosed,Bangalore,Artificial Intelligence,Full Time
Senior Data Engineer,Wrike,3.8,7-9 Yrs,Not disclosed,Bangalore,Artificial Intelligence,Full Time
Senior Data Engineer,IG Infotech,3.7,3-6 Yrs,Not disclosed,Bangalore,Artificial Intelligence,Full Time
Senior Data Engineer,Examroomai India,3.7,8-13 Yrs,Not disclosed,Bangalore,Artificial Intelligence,Full Time
Senior Data Engineer,Gojek,3.7,4-6 Yrs,Not disclosed,Hyderabad,Artificial Intelligence,Full Time
Senior Analyst Data Engineer ,Pepsi Foods,4.1,9-10 Yrs,Not disclosed,Hyderabad,Management,Full Time
Senior Data Engineer,Global Pharma Tek,3.4,4-6 Yrs,Not disclosed,Bangalore,Artificial Intelligence,Full Time
Technical Lead - Data Engineering,confidential,3.8,8-13 Yrs,10-20 Lacs PA,Bangalore,SQL,Full Time
Senior Data Engineer,P&G,4.2,7-9 Yrs,Not disclosed,Mumbai,Artificial Intelligence,Full Time
Senior Manager - Data Engineer,Altimetrik,3.9,4-8 Yrs,Not disclosed,Chennai,Management,Full Time
Senior Data Engineer,Leading Client,3.8,5-10 Yrs,Not disclosed,Mumbai,Artificial Intelligence,Full Time
 Big Data Engineer ,Aezion Technologies,4.5,9-14 Yrs,Not disclosed,Chennai,TensorFlow,Hybrid
Senior Manager - Data Engineer,Brillio,3.6,7-10 Yrs,Not disclosed,Bangalore,Management,Full Time
Data Engineer Lead,Altimetrik,3.9,2-4 Yrs,Not disclosed,Hyderabad,SQL,Full Time
Data Engineer Advisor,Altimetrik,3.9,3-8 Yrs,Not disclosed,Bangalore,SQL,Full Time
Gcp Data Engineer,Infogain,3.7,4-6 Yrs,Not disclosed,Bangalore,Deep Learning,Full Time
Azure Data Engineer,HTC Global Services,3.7,5-9 Yrs,Not disclosed,Hyderabad,TensorFlow,Full Time
AWS Data Engineer,MothersonSumi INfotech & Designs (MIND),3.2,4-7 Yrs,Not disclosed,Bangalore,TensorFlow,Full Time
Azure Data Engineer,HTC Global Services,3.7,4-9 Yrs,5-13 Lacs PA,Chennai,TensorFlow,Hybrid
Azure Data Engineer,Infogain,3.7,4-6 Yrs,Not disclosed,Bangalore,TensorFlow,Full Time
Jr Data Engineer,HTC Global Services,3.7,2-4 Yrs,1-5 Lacs PA,Chennai,Deep Learning,Hybrid
Gcp Data Engineer,Altimetrik,3.9,3-8 Yrs,Not disclosed,Bangalore,Deep Learning,Full Time
Azure Data Engineer,Conneqt,3.7,3-7 Yrs,Not disclosed,Bangalore,TensorFlow,Full Time
Data Science Engineering,Wakefit Innovations,4,2-5 Yrs,Not disclosed,Bangalore,SQL,Full Time
Principal Data Engineer,Amadeus,4.1,5-9 Yrs,Not disclosed,Bangalore,Management,Full Time
Data Architect ,Labcorp Endpoint,4.6,3-5 Yrs,Not disclosed,Chennai,Artificial Intelligence,Hybrid
Data Architect ,Labcorp Endpoint,4.6,3-5 Yrs,Not disclosed,Chennai,Artificial Intelligence,Hybrid
Azure Data Engineer,Metlife,4.3,8-13 Yrs,Not disclosed,Hyderabad,TensorFlow,Full Time
 Big Data Engineer ,Sureminds Solutions,3.8,6-10 Yrs,Not disclosed,Chennai,TensorFlow,Hybrid
Big Data Engineer,NR Consulting,3.8,6-11 Yrs,16-30 Lacs PA,New Delhi,TensorFlow,Full Time
Lead Data Engineer,Nest Digital,3.7,7-12 Yrs,Not disclosed,Kolkata,Management,Remote
Data Engineering,IG Group,3.9,4-9 Yrs,Not disclosed,Bangalore,SQL,Full Time
Data Engineering,IG Group,3.9,4-8 Yrs,Not disclosed,Bangalore,SQL,Full Time
Lead BI Analyst ,Shell,4.3,6-8 Yrs,Not disclosed,Chennai,Deep Learning,Full Time
Big Data Engineer,Nityo Infotech,3.1,3-9 Yrs,Not disclosed,Chennai,TensorFlow,Full Time
Big Data Engineer,Nityo Infotech,3.1,6-9 Yrs,Not disclosed,Chennai,TensorFlow,Full Time
Big Data Engineer,Nityo Infotech,3.1,3-6 Yrs,Not disclosed,Chennai,TensorFlow,Full Time
Big Data Engineer,GSPANN,4,2-8 Yrs,Not disclosed,Hyderabad,TensorFlow,Full Time
Senior Data Engineer,Thrasio,3.8,5-10 Yrs,Not disclosed,Kolkata,Artificial Intelligence,Full Time
Senior Data Engineer,phData,4,4-7 Yrs,Not disclosed,Kolkata,Artificial Intelligence,Full Time
Senior Data Engineer,phData,4,4-7 Yrs,Not disclosed,Kolkata,Artificial Intelligence,Full Time
Senior Data Engineer,phData,4,4-7 Yrs,Not disclosed,Kolkata,Artificial Intelligence,Full Time
Senior Data Engineer,Luxoft,4,4-9 Yrs,Not disclosed,Kolkata,Artificial Intelligence,Full Time
Senior Data Engineer,Tookitaki,2.7,3-4 Yrs,Not disclosed,Kolkata,Artificial Intelligence,Full Time
Senior Data Engineer,Luxoft,4,4-8 Yrs,Not disclosed,Kolkata,Artificial Intelligence,Full Time
Junior Data Engineer,KPI Partners,3.4,2-6 Yrs,Not disclosed,Kolkata,Deep Learning,Full Time
Junior Data Engineer,e Zest,4,3-7 Yrs,Not disclosed,Bangalore,Deep Learning,Full Time
Senior Data Engineer,Neal Analytics,3.4,5-10 Yrs,Not disclosed,Mumbai,Artificial Intelligence,Full Time
Senior Data Engineer,Quantiphi Analytics Solutions,3.1,4-6 Yrs,Not disclosed,Mumbai,Artificial Intelligence,Full Time
Junior Data Engineer,Blackbuck Insights (BBI),4,5-7 Yrs,Not disclosed,Pune,Deep Learning,Full Time
Senior Data Engineer,Booking Holdings,4.7,10-12 Yrs,Not disclosed,Bangalore,Artificial Intelligence,Full Time
Junior Data Engineer,Bobble App,3.5,2-7 Yrs,Not disclosed,Gurgaon,Deep Learning,Full Time
Senior Data Engineer,Capri Global Capital (CGCL),3.6,5-7 Yrs,Not disclosed,Bangalore,Artificial Intelligence,Full Time
Senior Manager - Data Engineer,Accelya Kale Solutions Ltd,3.7,3-6 Yrs,Not disclosed,Kolkata,Management,Full Time
Senior Data Engineer,Atyeti,3.7,7-12 Yrs,Not disclosed,Hyderabad,Artificial Intelligence,Hybrid
Senior Data Engineer,Tookitaki,2.7,2-4 Yrs,Not disclosed,Kolkata,Artificial Intelligence,Full Time
Senior AWS Data Engineer,Biz-metric India,4.3,7-12 Yrs,Not disclosed,Mumbai,Management,Full Time
Senior AWS Data Engineer,Twenty20 Systems,3.8,5-10 Yrs,Not disclosed,Bangalore,Management,Full Time
Senior AWS Data Engineer,Skuad Pte Ltd.,2.8,8-10 Yrs,Not disclosed,Bangalore,Management,Full Time
Junior Data Engineer,Coders Brain Pvt Ltd,3.9,8-12 Yrs,Not disclosed,Kolkata,Deep Learning,Full Time
Senior AWS Data Engineer,Gwynnie Bee,3.2,3-7 Yrs,Not disclosed,Bangalore,Management,Full Time
Junior Data Engineer,Assertive Business Solutions,3.8,7-12 Yrs,Not disclosed,Chennai,Deep Learning,Hybrid
Senior AWS Data Engineer,Bottle Lab Technologies (smartq),4.1,4-8 Yrs,Not disclosed,Bangalore,Management,Full Time
Senior AWS Data Engineer,Raytheon Technologies,3.3,10-12 Yrs,Not disclosed,Bangalore,Management,Full Time
ML Data Engineer ,Loyalytics Consulting,3.9,1-5 Yrs,Not disclosed,Bangalore,Machine Learning,Full Time
Senior AWS Data Engineer,Techneplus Software,4,5-10 Yrs,Not disclosed,Noida,Management,Full Time
Senior AWS Data Engineer,Epsilon,3.6,5-9 Yrs,18-25 Lacs PA,Chennai,Management,Hybrid
Senior Software Engineer ,Delivery Solutions,4.3,3-7 Yrs,Not disclosed,Kolkata,Artificial Intelligence,Full Time
Senior AWS Data Engineer,Paralleldots,3.9,5-7 Yrs,Not disclosed,Bangalore,Management,Full Time
AI Data Engineer,Techsist Solution,3,4-9 Yrs,Not disclosed,Mumbai,Machine Learning,Full Time
Senior Data Engineer,Utopus Insights,3.1,3-6 Yrs,Not disclosed,Bangalore,Artificial Intelligence,Full Time
Senior Data Engineer,Aeries Technology,3.5,4-9 Yrs,Not disclosed,Bangalore,Artificial Intelligence,Full Time
Senior Data Engineer,Symplr,4.1,6-8 Yrs,Not disclosed,Bangalore,Artificial Intelligence,Full Time
Senior Data Engineer,Commissum (eurofins Cyber Security Uk),3.8,5-10 Yrs,Not disclosed,Bangalore,Artificial Intelligence,Full Time
Senior Data Engineer,Eurofins,3.1,7-10 Yrs,Not disclosed,Bangalore,Artificial Intelligence,Full Time
Junior Data Engineer,Coders Brain Pvt Ltd,3.9,15-20 Yrs,Not disclosed,Bangalore,Deep Learning,Full Time
Junior Data Engineer,Coders Brain Pvt Ltd,3.9,7-12 Yrs,Not disclosed,Bangalore,Deep Learning,Full Time
Junior Data Engineer,Clairvoyant India Pvt. Ltd,4.1,5-8 Yrs,Not disclosed,Bangalore,Deep Learning,Full Time
Senior Data Engineer,Onetrust,2.9,3-6 Yrs,Not disclosed,Bangalore,Python,Full Time
Senior Data Engineer,Dev Solutions,5,8-13 Yrs,Not disclosed,Bangalore,Python,Full Time
Senior Manager - Data Engineer,3M India,4.2,8-13 Yrs,Not disclosed,Bangalore,Management,Full Time
Junior Data Engineer,Cirruslabs,4.6,7-12 Yrs,Not disclosed,Bangalore,Deep Learning,Full Time
Senior Data Engineer,Carnation Infotech,3.8,10-12 Yrs,Not disclosed,Bangalore,Python,Full Time
Senior Data Engineer,Carnation Infotech,3.8,5-8 Yrs,Not disclosed,Bangalore,Python,Full Time
Senior Data Engineer,Iqhired Consultancy Services,3.8,5-10 Yrs,17-22.5 Lacs PA,Kolkata,Python,Remote
Senior Data Engineer,Ixie Gaming,4.2,5-7 Yrs,Not disclosed,Bangalore,Python,Full Time
Senior Data Engineer,Indium Software,3.8,5-7 Yrs,Not disclosed,Bangalore,Python,Full Time
Senior Data Engineer,TSIT Digital,4.7,7-10 Yrs,Not disclosed,Chennai,Python,Hybrid
Senior Data Engineer,Krtrimaiq Ai Solutions,3.8,2-6 Yrs,Not disclosed,Bangalore,Python,Full Time
AI Data Engineer,FedEx TSCS (India) Pvt Ltd,4.2,2-6 Yrs,Not disclosed,Mumbai,Machine Learning,Full Time
Junior Data Engineer,Winning Edge,3.7,5-10 Yrs,Not disclosed,Bangalore,Deep Learning,Full Time
Junior Data Engineer,Winning Edge,3.7,5-10 Yrs,Not disclosed,Bangalore,Deep Learning,Full Time
